player_id,Team,Pos,G,GS,MP,FG,FGA,3P,3PA,2P,2PA,FT,FTA,ORB,DRB,TRB,AST,STL,BLK,TOV,PF,PTS,season_year,season_type
doncilu01,DAL,PG,70.0,70.0,2624.0,804.0,1652.0,284.0,744.0,520.0,908.0,478.0,608.0,59.0,588.0,647.0,686.0,99.0,38.0,282.0,149.0,2370.0,2024,regular
gilgesh01,OKC,PG,75.0,75.0,2553.0,796.0,1487.0,95.0,269.0,701.0,1218.0,567.0,649.0,65.0,350.0,415.0,465.0,150.0,67.0,162.0,184.0,2254.0,2024,regular
antetgi01,MIL,PF,73.0,73.0,2567.0,837.0,1369.0,34.0,124.0,803.0,1245.0,514.0,782.0,196.0,645.0,841.0,476.0,87.0,79.0,250.0,210.0,2222.0,2024,regular
brunsja01,NYK,PG,77.0,77.0,2726.0,790.0,1648.0,211.0,526.0,579.0,1122.0,421.0,497.0,43.0,235.0,278.0,519.0,70.0,13.0,186.0,144.0,2212.0,2024,regular
jokicni01,DEN,C,79.0,79.0,2737.0,822.0,1411.0,83.0,231.0,739.0,1180.0,358.0,438.0,223.0,753.0,976.0,708.0,108.0,68.0,237.0,194.0,2085.0,2024,regular
edwaran01,MIN,SG,79.0,78.0,2770.0,718.0,1558.0,190.0,532.0,528.0,1026.0,423.0,506.0,52.0,378.0,430.0,405.0,101.0,42.0,241.0,141.0,2049.0,2024,regular
duranke01,PHO,PF,75.0,75.0,2791.0,751.0,1436.0,168.0,407.0,583.0,1029.0,362.0,423.0,41.0,454.0,495.0,378.0,69.0,91.0,244.0,133.0,2032.0,2024,regular
tatumja01,BOS,PF,74.0,74.0,2645.0,672.0,1426.0,229.0,609.0,443.0,817.0,414.0,497.0,67.0,534.0,601.0,364.0,75.0,43.0,188.0,145.0,1987.0,2024,regular
foxde01,SAC,PG,74.0,74.0,2659.0,720.0,1549.0,214.0,580.0,506.0,969.0,312.0,423.0,67.0,273.0,340.0,418.0,150.0,31.0,194.0,193.0,1966.0,2024,regular
curryst01,GSW,PG,74.0,74.0,2421.0,650.0,1445.0,357.0,876.0,293.0,569.0,299.0,324.0,37.0,293.0,330.0,379.0,54.0,28.0,210.0,117.0,1956.0,2024,regular
derozde01,CHI,SF,79.0,79.0,2989.0,650.0,1355.0,75.0,225.0,575.0,1130.0,522.0,612.0,43.0,297.0,340.0,421.0,90.0,45.0,135.0,161.0,1897.0,2024,regular
davisan02,LAL,C,76.0,76.0,2700.0,713.0,1283.0,29.0,107.0,684.0,1176.0,421.0,516.0,239.0,722.0,961.0,266.0,91.0,178.0,159.0,177.0,1876.0,2024,regular
bookede01,PHO,PG,68.0,68.0,2447.0,642.0,1305.0,152.0,418.0,490.0,887.0,405.0,457.0,56.0,252.0,308.0,472.0,61.0,28.0,178.0,206.0,1841.0,2024,regular
jamesle01,LAL,PF,71.0,71.0,2504.0,685.0,1269.0,149.0,363.0,536.0,906.0,303.0,404.0,61.0,457.0,518.0,589.0,89.0,38.0,245.0,78.0,1822.0,2024,regular
maxeyty01,PHI,PG,70.0,70.0,2626.0,638.0,1419.0,212.0,569.0,426.0,850.0,328.0,378.0,36.0,222.0,258.0,433.0,69.0,33.0,116.0,151.0,1816.0,2024,regular
banchpa01,ORL,PF,80.0,80.0,2799.0,640.0,1407.0,119.0,351.0,521.0,1056.0,405.0,559.0,82.0,472.0,554.0,431.0,71.0,47.0,247.0,153.0,1804.0,2024,regular
lillada01,MIL,PG,73.0,73.0,2579.0,541.0,1277.0,220.0,622.0,321.0,655.0,473.0,514.0,36.0,284.0,320.0,508.0,72.0,18.0,193.0,134.0,1775.0,2024,regular
murrade01,ATL,SG,78.0,78.0,2783.0,672.0,1463.0,201.0,554.0,471.0,909.0,208.0,262.0,62.0,354.0,416.0,502.0,111.0,24.0,201.0,138.0,1753.0,2024,regular
siakapa01,TOR,PF,39.0,39.0,1354.0,325.0,623.0,46.0,145.0,279.0,478.0,169.0,223.0,54.0,192.0,246.0,190.0,32.0,10.0,83.0,87.0,865.0,2024,regular
siakapa01,IND,PF,41.0,41.0,1303.0,356.0,648.0,39.0,101.0,317.0,547.0,121.0,173.0,85.0,234.0,319.0,152.0,31.0,15.0,58.0,106.0,872.0,2024,regular
georgpa01,LAC,PF,74.0,74.0,2502.0,582.0,1236.0,243.0,588.0,339.0,648.0,264.0,291.0,37.0,351.0,388.0,262.0,113.0,37.0,153.0,202.0,1671.0,2024,regular
leonaka01,LAC,SF,68.0,68.0,2330.0,610.0,1162.0,140.0,336.0,470.0,826.0,253.0,286.0,84.0,332.0,416.0,244.0,111.0,59.0,119.0,97.0,1613.0,2024,regular
brownja02,BOS,SF,70.0,70.0,2343.0,627.0,1256.0,145.0,410.0,482.0,846.0,211.0,300.0,84.0,303.0,387.0,249.0,83.0,37.0,166.0,185.0,1610.0,2024,regular
greenja05,HOU,SG,82.0,82.0,2601.0,563.0,1332.0,201.0,605.0,362.0,727.0,283.0,352.0,41.0,382.0,423.0,291.0,66.0,28.0,191.0,115.0,1610.0,2024,regular
bridgmi01,BRK,SF,82.0,82.0,2854.0,564.0,1294.0,220.0,592.0,344.0,702.0,258.0,317.0,68.0,304.0,372.0,299.0,81.0,30.0,164.0,116.0,1606.0,2024,regular
willizi01,NOP,PF,70.0,70.0,2207.0,624.0,1094.0,6.0,18.0,618.0,1076.0,347.0,494.0,122.0,284.0,406.0,352.0,77.0,47.0,193.0,159.0,1601.0,2024,regular
sabondo01,SAC,C,82.0,82.0,2928.0,634.0,1068.0,33.0,87.0,601.0,981.0,292.0,415.0,294.0,826.0,1120.0,673.0,74.0,48.0,272.0,250.0,1593.0,2024,regular
kuzmaky01,WAS,PF,70.0,70.0,2281.0,608.0,1313.0,151.0,450.0,457.0,863.0,186.0,240.0,62.0,402.0,464.0,296.0,37.0,49.0,192.0,153.0,1553.0,2024,regular
wembavi01,SAS,C,71.0,71.0,2106.0,551.0,1186.0,128.0,394.0,423.0,792.0,292.0,367.0,161.0,594.0,755.0,274.0,88.0,254.0,260.0,153.0,1522.0,2024,regular
whiteco01,CHI,PG,79.0,78.0,2881.0,541.0,1209.0,209.0,556.0,332.0,653.0,218.0,260.0,44.0,314.0,358.0,405.0,53.0,18.0,166.0,186.0,1509.0,2024,regular
irvinky01,DAL,SG,58.0,58.0,2030.0,562.0,1131.0,173.0,421.0,389.0,710.0,190.0,210.0,44.0,246.0,290.0,299.0,74.0,28.0,106.0,112.0,1487.0,2024,regular
jacksja02,MEM,C,66.0,66.0,2124.0,516.0,1162.0,117.0,366.0,399.0,796.0,337.0,417.0,85.0,280.0,365.0,154.0,80.0,106.0,160.0,235.0,1486.0,2024,regular
thomaca02,BRK,SG,66.0,51.0,2075.0,526.0,1190.0,144.0,396.0,382.0,794.0,286.0,334.0,28.0,186.0,214.0,192.0,45.0,16.0,124.0,138.0,1482.0,2024,regular
mitchdo01,CLE,SG,55.0,55.0,1942.0,503.0,1089.0,182.0,494.0,321.0,595.0,275.0,318.0,46.0,234.0,280.0,333.0,101.0,30.0,154.0,118.0,1463.0,2024,regular
sextoco01,UTA,SG,78.0,51.0,2075.0,506.0,1038.0,128.0,325.0,378.0,713.0,318.0,370.0,71.0,134.0,205.0,383.0,62.0,18.0,165.0,154.0,1458.0,2024,regular
bridgmi02,CHO,SF,69.0,67.0,2581.0,559.0,1210.0,157.0,450.0,402.0,760.0,174.0,211.0,71.0,434.0,505.0,231.0,65.0,33.0,138.0,118.0,1449.0,2024,regular
wagnefr01,ORL,SF,72.0,72.0,2337.0,528.0,1096.0,94.0,334.0,434.0,762.0,271.0,319.0,72.0,309.0,381.0,269.0,76.0,28.0,137.0,168.0,1421.0,2024,regular
cunnica01,DET,PG,62.0,62.0,2074.0,524.0,1167.0,119.0,335.0,405.0,832.0,238.0,274.0,33.0,235.0,268.0,464.0,56.0,22.0,212.0,153.0,1405.0,2024,regular
halibty01,IND,PG,69.0,68.0,2224.0,500.0,1048.0,195.0,535.0,305.0,513.0,194.0,227.0,35.0,236.0,271.0,752.0,83.0,48.0,159.0,75.0,1389.0,2024,regular
youngtr01,ATL,PG,54.0,54.0,1942.0,433.0,1008.0,175.0,469.0,258.0,539.0,348.0,407.0,23.0,126.0,149.0,583.0,72.0,11.0,235.0,109.0,1389.0,2024,regular
thompkl01,GSW,SF,77.0,63.0,2284.0,490.0,1133.0,268.0,692.0,222.0,441.0,127.0,137.0,35.0,219.0,254.0,176.0,50.0,35.0,117.0,127.0,1375.0,2024,regular
vucevni01,CHI,C,76.0,74.0,2610.0,586.0,1211.0,92.0,313.0,494.0,898.0,106.0,129.0,210.0,591.0,801.0,254.0,50.0,60.0,120.0,190.0,1370.0,2024,regular
russeda01,LAL,PG,76.0,69.0,2484.0,492.0,1080.0,226.0,545.0,266.0,535.0,159.0,192.0,28.0,208.0,236.0,482.0,69.0,36.0,156.0,156.0,1369.0,2024,regular
adebaba01,MIA,C,71.0,71.0,2416.0,530.0,1017.0,15.0,42.0,515.0,975.0,292.0,387.0,159.0,578.0,737.0,278.0,81.0,66.0,162.0,159.0,1367.0,2024,regular
holmgch01,OKC,C,82.0,82.0,2413.0,505.0,953.0,129.0,349.0,376.0,604.0,218.0,275.0,129.0,519.0,648.0,200.0,53.0,190.0,131.0,197.0,1357.0,2024,regular
poolejo01,WAS,SG,78.0,66.0,2346.0,490.0,1186.0,184.0,564.0,306.0,622.0,192.0,219.0,32.0,180.0,212.0,343.0,86.0,25.0,188.0,244.0,1356.0,2024,regular
portemi01,DEN,SF,81.0,81.0,2565.0,522.0,1079.0,220.0,554.0,302.0,525.0,92.0,110.0,106.0,459.0,565.0,122.0,42.0,53.0,92.0,148.0,1356.0,2024,regular
willija06,OKC,PF,71.0,71.0,2223.0,536.0,993.0,103.0,241.0,433.0,752.0,180.0,221.0,37.0,245.0,282.0,322.0,80.0,45.0,123.0,175.0,1355.0,2024,regular
embiijo01,PHI,C,39.0,39.0,1309.0,450.0,851.0,54.0,139.0,396.0,712.0,399.0,452.0,95.0,335.0,430.0,219.0,46.0,66.0,150.0,112.0,1353.0,2024,regular
townska01,MIN,PF,62.0,62.0,2026.0,479.0,951.0,136.0,327.0,343.0,624.0,255.0,292.0,94.0,421.0,515.0,189.0,43.0,41.0,177.0,204.0,1349.0,2024,regular
bogdabo01,ATL,SG,79.0,33.0,2401.0,471.0,1100.0,240.0,641.0,231.0,459.0,151.0,164.0,53.0,219.0,272.0,247.0,96.0,26.0,112.0,179.0,1333.0,2024,regular
ingrabr01,NOP,SF,64.0,64.0,2103.0,500.0,1017.0,86.0,242.0,414.0,775.0,246.0,307.0,43.0,281.0,324.0,363.0,50.0,40.0,163.0,145.0,1332.0,2024,regular
sengual01,HOU,C,63.0,63.0,2046.0,527.0,982.0,33.0,111.0,494.0,871.0,244.0,352.0,183.0,406.0,589.0,312.0,76.0,46.0,162.0,211.0,1331.0,2024,regular
vassede01,SAS,SG,68.0,62.0,2248.0,498.0,1056.0,166.0,446.0,332.0,610.0,161.0,201.0,27.0,234.0,261.0,277.0,73.0,23.0,108.0,74.0,1323.0,2024,regular
mccolcj01,NOP,PG,66.0,66.0,2159.0,484.0,1055.0,239.0,557.0,245.0,498.0,115.0,139.0,39.0,247.0,286.0,305.0,62.0,41.0,110.0,126.0,1322.0,2024,regular
turnemy01,IND,C,77.0,77.0,2076.0,476.0,909.0,116.0,324.0,360.0,585.0,245.0,317.0,113.0,420.0,533.0,100.0,39.0,144.0,109.0,232.0,1313.0,2024,regular
reaveau01,LAL,SG,82.0,57.0,2629.0,457.0,940.0,154.0,420.0,303.0,520.0,232.0,272.0,57.0,295.0,352.0,450.0,66.0,25.0,174.0,153.0,1300.0,2024,regular
millebr02,CHO,SF,74.0,68.0,2383.0,476.0,1083.0,184.0,493.0,292.0,590.0,143.0,173.0,60.0,255.0,315.0,175.0,66.0,42.0,132.0,184.0,1279.0,2024,regular
markkla01,UTA,PF,55.0,55.0,1820.0,427.0,890.0,175.0,439.0,252.0,451.0,249.0,277.0,122.0,327.0,449.0,110.0,50.0,26.0,77.0,100.0,1278.0,2024,regular
allenja01,CLE,C,77.0,77.0,2442.0,519.0,819.0,0.0,6.0,519.0,813.0,233.0,314.0,243.0,568.0,811.0,210.0,53.0,81.0,121.0,147.0,1271.0,2024,regular
vanvlfr01,HOU,PG,73.0,73.0,2684.0,423.0,1018.0,227.0,586.0,196.0,432.0,197.0,229.0,33.0,245.0,278.0,589.0,101.0,59.0,126.0,183.0,1270.0,2024,regular
divindo01,NYK,SG,81.0,63.0,2360.0,445.0,1004.0,283.0,705.0,162.0,299.0,86.0,114.0,63.0,234.0,297.0,216.0,107.0,36.0,113.0,166.0,1259.0,2024,regular
murraja01,DEN,PG,59.0,59.0,1861.0,474.0,986.0,145.0,341.0,329.0,645.0,157.0,184.0,42.0,200.0,242.0,384.0,57.0,39.0,125.0,104.0,1250.0,2024,regular
butleji01,MIA,PF,60.0,60.0,2042.0,396.0,793.0,60.0,145.0,336.0,648.0,394.0,459.0,105.0,213.0,318.0,298.0,79.0,17.0,102.0,68.0,1246.0,2024,regular
roziete01,CHO,SG,30.0,30.0,1065.0,252.0,549.0,83.0,232.0,169.0,317.0,109.0,129.0,17.0,100.0,117.0,198.0,32.0,12.0,65.0,52.0,696.0,2024,regular
roziete01,MIA,PG,31.0,30.0,975.0,190.0,449.0,66.0,178.0,124.0,271.0,63.0,69.0,18.0,112.0,130.0,144.0,31.0,9.0,41.0,49.0,509.0,2024,regular
harrito02,PHI,PF,70.0,70.0,2368.0,463.0,951.0,91.0,258.0,372.0,693.0,187.0,213.0,80.0,373.0,453.0,217.0,70.0,46.0,93.0,115.0,1204.0,2024,regular
hardeja01,LAC,PG,72.0,72.0,2470.0,352.0,822.0,186.0,488.0,166.0,334.0,302.0,344.0,34.0,335.0,369.0,614.0,77.0,57.0,185.0,127.0,1192.0,2024,regular
barnesc01,TOR,SG,60.0,60.0,2094.0,447.0,942.0,101.0,296.0,346.0,646.0,196.0,251.0,141.0,353.0,494.0,363.0,75.0,88.0,165.0,118.0,1191.0,2024,regular
kuminjo01,GSW,PF,74.0,46.0,1949.0,456.0,862.0,53.0,165.0,403.0,697.0,223.0,299.0,92.0,263.0,355.0,163.0,55.0,36.0,122.0,169.0,1188.0,2024,regular
iveyja01,DET,SG,77.0,61.0,2217.0,417.0,973.0,124.0,369.0,293.0,604.0,227.0,303.0,86.0,178.0,264.0,296.0,57.0,41.0,190.0,204.0,1185.0,2024,regular
murrake02,SAC,SF,77.0,77.0,2588.0,443.0,975.0,183.0,511.0,260.0,464.0,103.0,124.0,106.0,314.0,420.0,129.0,79.0,59.0,64.0,205.0,1172.0,2024,regular
barrerj01,NYK,SG,26.0,26.0,766.0,164.0,388.0,43.0,130.0,121.0,258.0,103.0,124.0,19.0,92.0,111.0,63.0,12.0,9.0,47.0,45.0,474.0,2024,regular
barrerj01,TOR,SG,32.0,32.0,1072.0,272.0,492.0,47.0,120.0,225.0,372.0,105.0,167.0,34.0,170.0,204.0,130.0,19.0,13.0,79.0,84.0,696.0,2024,regular
quickim01,NYK,SG,30.0,0.0,720.0,152.0,335.0,64.0,162.0,88.0,173.0,82.0,94.0,5.0,72.0,77.0,74.0,16.0,3.0,31.0,44.0,450.0,2024,regular
quickim01,TOR,PG,38.0,38.0,1265.0,236.0,559.0,107.0,271.0,129.0,288.0,127.0,151.0,12.0,170.0,182.0,257.0,34.0,7.0,70.0,75.0,706.0,2024,regular
porzikr01,BOS,C,57.0,57.0,1690.0,388.0,752.0,110.0,293.0,278.0,459.0,259.0,302.0,97.0,312.0,409.0,115.0,42.0,111.0,89.0,156.0,1145.0,2024,regular
hardati02,DAL,SF,79.0,12.0,2120.0,392.0,976.0,211.0,597.0,181.0,379.0,144.0,169.0,22.0,232.0,254.0,139.0,42.0,6.0,69.0,106.0,1139.0,2024,regular
grantje01,POR,PF,54.0,54.0,1830.0,383.0,850.0,111.0,276.0,272.0,574.0,255.0,312.0,37.0,154.0,191.0,152.0,45.0,34.0,116.0,117.0,1132.0,2024,regular
portibo01,MIL,PF,82.0,4.0,2008.0,466.0,918.0,100.0,246.0,366.0,672.0,98.0,124.0,142.0,465.0,607.0,104.0,68.0,34.0,91.0,189.0,1130.0,2024,regular
schrode01,TOR,PG,51.0,33.0,1559.0,247.0,559.0,77.0,220.0,170.0,339.0,127.0,149.0,22.0,118.0,140.0,313.0,46.0,8.0,83.0,105.0,698.0,2024,regular
schrode01,BRK,PG,29.0,25.0,927.0,156.0,368.0,61.0,148.0,95.0,220.0,51.0,64.0,17.0,85.0,102.0,175.0,17.0,9.0,70.0,59.0,424.0,2024,regular
monkma01,SAC,SG,72.0,0.0,1872.0,396.0,893.0,148.0,423.0,248.0,470.0,170.0,205.0,28.0,184.0,212.0,370.0,45.0,39.0,150.0,156.0,1110.0,2024,regular
whitede01,BOS,SG,73.0,73.0,2381.0,387.0,839.0,196.0,495.0,191.0,344.0,137.0,152.0,51.0,259.0,310.0,377.0,74.0,87.0,112.0,152.0,1107.0,2024,regular
avdijde01,WAS,SF,75.0,75.0,2257.0,406.0,803.0,88.0,235.0,318.0,568.0,202.0,273.0,84.0,456.0,540.0,286.0,60.0,36.0,160.0,185.0,1102.0,2024,regular
randlju01,NYK,PF,46.0,46.0,1630.0,395.0,836.0,76.0,244.0,319.0,592.0,236.0,302.0,99.0,324.0,423.0,229.0,25.0,12.0,159.0,125.0,1102.0,2024,regular
reidna01,MIN,C,81.0,14.0,1964.0,406.0,851.0,169.0,408.0,237.0,443.0,109.0,148.0,73.0,350.0,423.0,106.0,63.0,73.0,111.0,172.0,1090.0,2024,regular
johnske04,SAS,SF,69.0,27.0,2038.0,391.0,862.0,127.0,367.0,264.0,495.0,175.0,221.0,95.0,282.0,377.0,195.0,51.0,20.0,100.0,149.0,1084.0,2024,regular
kispeco01,WAS,SF,80.0,22.0,2067.0,386.0,794.0,184.0,480.0,202.0,314.0,114.0,157.0,30.0,195.0,225.0,156.0,41.0,16.0,98.0,141.0,1070.0,2024,regular
goberru01,MIN,C,76.0,76.0,2593.0,406.0,614.0,0.0,3.0,406.0,611.0,249.0,390.0,285.0,697.0,982.0,102.0,52.0,162.0,118.0,238.0,1061.0,2024,regular
powelno01,LAC,SG,76.0,3.0,1990.0,373.0,768.0,167.0,384.0,206.0,384.0,143.0,172.0,16.0,179.0,195.0,82.0,43.0,22.0,66.0,137.0,1056.0,2024,regular
oubreke01,PHI,SF,68.0,52.0,2055.0,387.0,878.0,101.0,325.0,286.0,553.0,174.0,232.0,94.0,247.0,341.0,101.0,77.0,47.0,87.0,194.0,1049.0,2024,regular
smithja05,HOU,PF,76.0,76.0,2424.0,378.0,833.0,138.0,380.0,240.0,453.0,150.0,185.0,139.0,477.0,616.0,121.0,52.0,61.0,89.0,200.0,1044.0,2024,regular
simonan01,POR,SG,46.0,46.0,1582.0,360.0,837.0,156.0,405.0,204.0,432.0,163.0,178.0,22.0,145.0,167.0,255.0,23.0,5.0,126.0,98.0,1039.0,2024,regular
garlada01,CLE,PG,57.0,57.0,1901.0,375.0,841.0,132.0,356.0,243.0,485.0,146.0,175.0,30.0,122.0,152.0,373.0,74.0,7.0,176.0,95.0,1028.0,2024,regular
collijo01,UTA,PF,68.0,66.0,1901.0,397.0,746.0,86.0,232.0,311.0,514.0,147.0,185.0,157.0,418.0,575.0,77.0,40.0,61.0,98.0,191.0,1027.0,2024,regular
allengr01,PHO,SG,75.0,74.0,2513.0,340.0,682.0,205.0,445.0,135.0,237.0,129.0,147.0,48.0,247.0,295.0,227.0,69.0,45.0,95.0,157.0,1014.0,2024,regular
gordoaa01,DEN,PF,73.0,73.0,2297.0,398.0,716.0,40.0,138.0,358.0,578.0,177.0,269.0,174.0,297.0,471.0,259.0,56.0,45.0,105.0,142.0,1013.0,2024,regular
hieldbu01,IND,SF,52.0,28.0,1336.0,229.0,517.0,137.0,357.0,92.0,160.0,28.0,33.0,34.0,133.0,167.0,139.0,43.0,31.0,62.0,103.0,623.0,2024,regular
hieldbu01,PHI,SG,32.0,14.0,824.0,142.0,333.0,82.0,211.0,60.0,122.0,24.0,26.0,27.0,75.0,102.0,97.0,27.0,11.0,41.0,66.0,390.0,2024,regular
valanjo01,NOP,C,82.0,82.0,1925.0,402.0,719.0,37.0,120.0,365.0,599.0,161.0,205.0,186.0,535.0,721.0,173.0,32.0,68.0,111.0,218.0,1002.0,2024,regular
barneha02,SAC,PF,82.0,82.0,2381.0,347.0,732.0,149.0,385.0,198.0,347.0,157.0,196.0,67.0,182.0,249.0,99.0,54.0,12.0,58.0,98.0,1000.0,2024,regular
banede01,MEM,SG,42.0,42.0,1443.0,360.0,776.0,137.0,360.0,223.0,416.0,140.0,161.0,36.0,149.0,185.0,230.0,43.0,22.0,112.0,120.0,997.0,2024,regular
lopezbr01,MIL,C,79.0,79.0,2411.0,366.0,755.0,148.0,404.0,218.0,351.0,110.0,134.0,117.0,292.0,409.0,127.0,43.0,189.0,79.0,191.0,990.0,2024,regular
giddejo01,OKC,SG,80.0,80.0,2011.0,402.0,847.0,82.0,243.0,320.0,604.0,100.0,124.0,111.0,403.0,514.0,386.0,51.0,44.0,168.0,111.0,986.0,2024,regular
georgke01,UTA,PG,75.0,44.0,2023.0,319.0,815.0,147.0,440.0,172.0,375.0,189.0,223.0,15.0,196.0,211.0,332.0,36.0,7.0,188.0,91.0,974.0,2024,regular
trentga02,TOR,SG,71.0,41.0,1994.0,361.0,847.0,178.0,453.0,183.0,394.0,74.0,96.0,25.0,163.0,188.0,119.0,77.0,10.0,47.0,96.0,974.0,2024,regular
bealbr01,PHO,SG,53.0,53.0,1767.0,377.0,735.0,101.0,235.0,276.0,500.0,109.0,134.0,54.0,178.0,232.0,265.0,52.0,27.0,131.0,127.0,964.0,2024,regular
leverca01,CLE,SG,68.0,10.0,1958.0,345.0,820.0,108.0,332.0,237.0,488.0,154.0,201.0,39.0,241.0,280.0,346.0,76.0,34.0,117.0,121.0,952.0,2024,regular
suggsja01,ORL,SG,75.0,75.0,2025.0,336.0,714.0,153.0,385.0,183.0,329.0,118.0,156.0,48.0,181.0,229.0,205.0,106.0,47.0,132.0,205.0,943.0,2024,regular
clarkjo01,UTA,SG,55.0,19.0,1682.0,337.0,816.0,91.0,309.0,246.0,507.0,177.0,201.0,49.0,139.0,188.0,277.0,35.0,6.0,146.0,81.0,942.0,2024,regular
wiggian01,GSW,SF,71.0,59.0,1920.0,353.0,780.0,91.0,254.0,262.0,526.0,142.0,189.0,108.0,213.0,321.0,119.0,42.0,41.0,87.0,147.0,939.0,2024,regular
washipj01,CHO,PF,44.0,17.0,1286.0,227.0,509.0,79.0,244.0,148.0,265.0,67.0,94.0,53.0,179.0,232.0,97.0,38.0,32.0,66.0,112.0,600.0,2024,regular
washipj01,DAL,PF,29.0,28.0,935.0,127.0,302.0,53.0,169.0,74.0,133.0,32.0,51.0,32.0,147.0,179.0,44.0,34.0,27.0,30.0,57.0,339.0,2024,regular
anthoco01,ORL,PG,81.0,0.0,1817.0,332.0,763.0,93.0,275.0,239.0,488.0,180.0,218.0,64.0,247.0,311.0,236.0,64.0,37.0,126.0,175.0,937.0,2024,regular
dosunay01,CHI,SG,76.0,37.0,2212.0,360.0,719.0,119.0,295.0,241.0,424.0,85.0,105.0,54.0,162.0,216.0,242.0,68.0,36.0,103.0,166.0,924.0,2024,regular
hachiru01,LAL,PF,68.0,39.0,1826.0,363.0,676.0,98.0,232.0,265.0,444.0,99.0,134.0,58.0,236.0,294.0,81.0,41.0,25.0,46.0,101.0,923.0,2024,regular
aytonde01,POR,C,55.0,55.0,1784.0,427.0,749.0,1.0,10.0,426.0,739.0,65.0,79.0,176.0,433.0,609.0,90.0,56.0,42.0,99.0,109.0,920.0,2024,regular
brookdi01,HOU,SF,72.0,72.0,2227.0,329.0,768.0,133.0,370.0,196.0,398.0,124.0,147.0,53.0,193.0,246.0,119.0,64.0,10.0,88.0,241.0,915.0,2024,regular
johnsja05,ATL,SF,56.0,52.0,1889.0,359.0,702.0,71.0,200.0,288.0,502.0,107.0,147.0,74.0,414.0,488.0,203.0,67.0,47.0,101.0,133.0,896.0,2024,regular
huntede01,ATL,SF,57.0,37.0,1681.0,304.0,663.0,117.0,304.0,187.0,359.0,166.0,196.0,31.0,191.0,222.0,87.0,40.0,16.0,83.0,146.0,891.0,2024,regular
beaslma01,MIL,SG,79.0,77.0,2337.0,320.0,722.0,224.0,542.0,96.0,180.0,25.0,35.0,41.0,249.0,290.0,108.0,59.0,9.0,54.0,158.0,889.0,2024,regular
jaqueja01,MIA,SF,75.0,20.0,2113.0,341.0,697.0,65.0,202.0,276.0,495.0,142.0,175.0,82.0,203.0,285.0,195.0,77.0,20.0,110.0,167.0,889.0,2024,regular
nesmiaa01,IND,SF,72.0,47.0,1995.0,315.0,635.0,140.0,334.0,175.0,301.0,107.0,137.0,63.0,212.0,275.0,108.0,65.0,49.0,64.0,241.0,877.0,2024,regular
herroty01,MIA,SG,42.0,40.0,1407.0,324.0,735.0,132.0,333.0,192.0,402.0,95.0,111.0,19.0,203.0,222.0,188.0,30.0,3.0,93.0,63.0,875.0,2024,regular
robindu01,MIA,SF,68.0,36.0,1905.0,304.0,675.0,187.0,473.0,117.0,202.0,80.0,90.0,15.0,158.0,173.0,192.0,46.0,16.0,95.0,163.0,875.0,2024,regular
conlemi01,MIN,PG,76.0,76.0,2193.0,294.0,644.0,179.0,405.0,115.0,239.0,102.0,112.0,37.0,181.0,218.0,449.0,88.0,17.0,102.0,128.0,869.0,2024,regular
hendesc01,POR,PG,62.0,32.0,1765.0,307.0,797.0,87.0,268.0,220.0,529.0,167.0,204.0,53.0,141.0,194.0,336.0,48.0,13.0,212.0,195.0,868.0,2024,regular
wagnemo01,ORL,C,80.0,1.0,1415.0,332.0,552.0,38.0,115.0,294.0,437.0,166.0,204.0,117.0,230.0,347.0,96.0,39.0,21.0,97.0,160.0,868.0,2024,regular
bogdabo02,DET,PF,28.0,27.0,921.0,199.0,425.0,86.0,207.0,113.0,218.0,81.0,104.0,13.0,81.0,94.0,71.0,23.0,4.0,63.0,57.0,565.0,2024,regular
bogdabo02,NYK,SF,29.0,0.0,557.0,110.0,256.0,47.0,127.0,63.0,129.0,36.0,45.0,9.0,49.0,58.0,26.0,7.0,1.0,38.0,38.0,303.0,2024,regular
beysa01,ATL,SF,63.0,51.0,2062.0,290.0,697.0,113.0,358.0,177.0,339.0,170.0,203.0,167.0,244.0,411.0,92.0,51.0,11.0,54.0,88.0,863.0,2024,regular
sochaje01,SAS,PF,74.0,73.0,2193.0,340.0,776.0,70.0,227.0,270.0,549.0,111.0,144.0,137.0,339.0,476.0,249.0,62.0,40.0,140.0,168.0,861.0,2024,regular
dortlu01,OKC,SF,79.0,79.0,2246.0,288.0,657.0,156.0,396.0,132.0,261.0,128.0,155.0,74.0,210.0,284.0,113.0,72.0,47.0,74.0,228.0,860.0,2024,regular
holidjr01,BOS,PG,69.0,69.0,2263.0,331.0,689.0,138.0,322.0,193.0,367.0,60.0,72.0,84.0,289.0,373.0,333.0,61.0,53.0,124.0,108.0,860.0,2024,regular
mathube01,IND,SF,59.0,19.0,1538.0,296.0,663.0,80.0,214.0,216.0,449.0,184.0,224.0,60.0,174.0,234.0,119.0,35.0,14.0,97.0,117.0,856.0,2024,regular
strusma01,CLE,SF,70.0,70.0,2239.0,304.0,728.0,168.0,479.0,136.0,249.0,77.0,97.0,66.0,272.0,338.0,283.0,64.0,29.0,112.0,170.0,853.0,2024,regular
toppiob01,IND,PF,82.0,28.0,1730.0,332.0,579.0,102.0,253.0,230.0,326.0,77.0,100.0,85.0,235.0,320.0,128.0,47.0,43.0,69.0,143.0,843.0,2024,regular
murphtr02,NOP,SF,57.0,23.0,1690.0,275.0,621.0,169.0,445.0,106.0,176.0,123.0,151.0,42.0,238.0,280.0,124.0,51.0,28.0,34.0,70.0,842.0,2024,regular
claxtni01,BRK,C,71.0,71.0,2116.0,366.0,582.0,1.0,5.0,365.0,577.0,108.0,196.0,193.0,513.0,706.0,147.0,46.0,146.0,93.0,175.0,841.0,2024,regular
durenja01,DET,C,61.0,60.0,1777.0,349.0,564.0,0.0,4.0,349.0,560.0,143.0,181.0,192.0,517.0,709.0,147.0,33.0,47.0,129.0,192.0,841.0,2024,regular
joneshe01,NOP,SF,76.0,76.0,2321.0,293.0,588.0,114.0,273.0,179.0,315.0,137.0,158.0,74.0,198.0,272.0,199.0,105.0,62.0,93.0,224.0,837.0,2024,regular
capelca01,ATL,C,73.0,73.0,1883.0,353.0,618.0,0.0,1.0,353.0,617.0,130.0,206.0,335.0,441.0,776.0,91.0,43.0,106.0,74.0,164.0,836.0,2024,regular
jacksre01,DEN,PG,82.0,23.0,1817.0,326.0,756.0,102.0,284.0,224.0,472.0,79.0,98.0,33.0,122.0,155.0,308.0,44.0,13.0,106.0,149.0,833.0,2024,regular
nurkiju01,PHO,C,76.0,76.0,2078.0,320.0,627.0,22.0,90.0,298.0,537.0,167.0,261.0,224.0,613.0,837.0,301.0,81.0,80.0,175.0,254.0,829.0,2024,regular
middlkh01,MIL,SF,55.0,55.0,1487.0,317.0,643.0,94.0,247.0,223.0,396.0,100.0,120.0,40.0,217.0,257.0,292.0,51.0,15.0,127.0,141.0,828.0,2024,regular
gaffoda01,WAS,C,45.0,45.0,1192.0,203.0,294.0,0.0,0.0,203.0,294.0,84.0,119.0,131.0,230.0,361.0,69.0,44.0,97.0,46.0,147.0,490.0,2024,regular
gaffoda01,DAL,PF,29.0,21.0,623.0,145.0,186.0,0.0,0.0,145.0,186.0,34.0,56.0,64.0,137.0,201.0,46.0,21.0,56.0,28.0,80.0,324.0,2024,regular
dinwisp01,BRK,PG,48.0,48.0,1474.0,195.0,499.0,89.0,278.0,106.0,221.0,125.0,160.0,26.0,132.0,158.0,288.0,38.0,9.0,62.0,86.0,604.0,2024,regular
dinwisp01,LAL,PG,28.0,4.0,678.0,56.0,141.0,35.0,90.0,21.0,51.0,44.0,50.0,4.0,43.0,47.0,68.0,13.0,13.0,29.0,52.0,191.0,2024,regular
zubaciv01,LAC,C,68.0,68.0,1794.0,337.0,519.0,0.0,0.0,337.0,519.0,120.0,166.0,196.0,430.0,626.0,93.0,22.0,83.0,79.0,180.0,794.0,2024,regular
jonesty01,WAS,PG,66.0,66.0,1933.0,326.0,666.0,106.0,256.0,220.0,410.0,32.0,40.0,20.0,159.0,179.0,485.0,71.0,18.0,66.0,48.0,790.0,2024,regular
pritcpa01,BOS,PG,82.0,5.0,1825.0,297.0,635.0,147.0,382.0,150.0,253.0,46.0,56.0,70.0,195.0,265.0,281.0,39.0,6.0,61.0,106.0,787.0,2024,regular
mobleev01,CLE,PF,50.0,50.0,1532.0,320.0,552.0,22.0,59.0,298.0,493.0,123.0,171.0,111.0,357.0,468.0,160.0,45.0,72.0,90.0,134.0,785.0,2024,regular
willigr01,DAL,PF,47.0,33.0,1242.0,131.0,317.0,79.0,210.0,52.0,107.0,41.0,55.0,46.0,123.0,169.0,81.0,24.0,27.0,53.0,137.0,382.0,2024,regular
willigr01,CHO,PF,29.0,10.0,888.0,145.0,288.0,47.0,126.0,98.0,162.0,65.0,85.0,40.0,109.0,149.0,93.0,20.0,12.0,56.0,89.0,402.0,2024,regular
colliza01,SAS,C,69.0,29.0,1526.0,298.0,616.0,58.0,181.0,240.0,435.0,122.0,162.0,118.0,252.0,370.0,194.0,34.0,52.0,132.0,206.0,776.0,2024,regular
johnsca02,BRK,PF,58.0,47.0,1599.0,276.0,619.0,138.0,353.0,138.0,266.0,86.0,109.0,55.0,196.0,251.0,138.0,49.0,15.0,57.0,105.0,776.0,2024,regular
jonestr01,SAS,PG,77.0,48.0,2138.0,303.0,600.0,64.0,191.0,239.0,409.0,101.0,118.0,58.0,231.0,289.0,478.0,78.0,9.0,116.0,92.0,771.0,2024,regular
niangge01,CLE,PF,82.0,10.0,1831.0,284.0,632.0,149.0,396.0,135.0,236.0,51.0,60.0,22.0,256.0,278.0,98.0,30.0,18.0,72.0,192.0,768.0,2024,regular
caldwke01,DEN,SG,76.0,76.0,2402.0,270.0,587.0,125.0,308.0,145.0,279.0,101.0,113.0,31.0,152.0,183.0,183.0,98.0,42.0,75.0,151.0,766.0,2024,regular
olynyke01,UTA,C,50.0,8.0,1019.0,145.0,258.0,36.0,84.0,109.0,174.0,80.0,95.0,63.0,191.0,254.0,219.0,37.0,12.0,81.0,132.0,406.0,2024,regular
olynyke01,TOR,C,28.0,19.0,740.0,131.0,239.0,24.0,71.0,107.0,168.0,70.0,85.0,45.0,112.0,157.0,128.0,37.0,18.0,71.0,98.0,356.0,2024,regular
hartjo01,NYK,SF,81.0,42.0,2707.0,295.0,679.0,80.0,258.0,215.0,421.0,91.0,115.0,128.0,547.0,675.0,331.0,75.0,23.0,118.0,171.0,761.0,2024,regular
mcdanja02,MIN,SF,72.0,71.0,2105.0,307.0,628.0,86.0,255.0,221.0,373.0,57.0,79.0,56.0,168.0,224.0,101.0,63.0,42.0,87.0,219.0,757.0,2024,regular
westbru01,LAC,PG,68.0,11.0,1529.0,301.0,663.0,42.0,154.0,259.0,509.0,110.0,160.0,93.0,250.0,343.0,306.0,74.0,23.0,144.0,121.0,754.0,2024,regular
gordoer01,PHO,SG,68.0,24.0,1893.0,274.0,618.0,150.0,397.0,124.0,221.0,51.0,64.0,16.0,106.0,122.0,139.0,66.0,30.0,73.0,79.0,749.0,2024,regular
anunoog01,TOR,SF,27.0,27.0,900.0,157.0,321.0,61.0,163.0,96.0,158.0,33.0,46.0,24.0,82.0,106.0,72.0,28.0,13.0,43.0,62.0,408.0,2024,regular
anunoog01,NYK,SF,23.0,23.0,802.0,125.0,256.0,41.0,104.0,84.0,152.0,34.0,43.0,23.0,79.0,102.0,35.0,40.0,23.0,38.0,57.0,325.0,2024,regular
mccontj01,IND,PG,71.0,4.0,1291.0,330.0,593.0,18.0,44.0,312.0,549.0,49.0,62.0,36.0,155.0,191.0,390.0,72.0,8.0,108.0,79.0,727.0,2024,regular
brownbr01,IND,SG,33.0,33.0,981.0,149.0,314.0,33.0,101.0,116.0,213.0,67.0,82.0,25.0,129.0,154.0,100.0,35.0,8.0,41.0,81.0,398.0,2024,regular
brownbr01,TOR,PG,34.0,11.0,885.0,129.0,268.0,20.0,63.0,109.0,205.0,50.0,60.0,28.0,102.0,130.0,92.0,24.0,9.0,45.0,67.0,328.0,2024,regular
carusal01,CHI,SG,71.0,57.0,2040.0,253.0,541.0,136.0,333.0,117.0,208.0,73.0,96.0,62.0,211.0,273.0,247.0,120.0,70.0,102.0,181.0,715.0,2024,regular
hausesa01,BOS,SF,79.0,13.0,1741.0,249.0,558.0,197.0,465.0,52.0,93.0,17.0,19.0,45.0,231.0,276.0,82.0,40.0,25.0,32.0,99.0,712.0,2024,regular
jacksgg01,MEM,PF,48.0,18.0,1233.0,241.0,563.0,102.0,286.0,139.0,277.0,115.0,153.0,53.0,143.0,196.0,59.0,28.0,24.0,65.0,64.0,699.0,2024,regular
princta02,LAL,PF,78.0,49.0,2108.0,253.0,572.0,141.0,356.0,112.0,216.0,50.0,68.0,21.0,209.0,230.0,119.0,58.0,35.0,73.0,146.0,697.0,2024,regular
fontesi01,UTA,SF,50.0,34.0,1160.0,161.0,358.0,91.0,233.0,70.0,125.0,32.0,40.0,52.0,124.0,176.0,73.0,30.0,18.0,51.0,81.0,445.0,2024,regular
fontesi01,DET,SF,16.0,9.0,484.0,91.0,190.0,43.0,101.0,48.0,89.0,22.0,26.0,12.0,58.0,70.0,28.0,14.0,5.0,17.0,29.0,247.0,2024,regular
branhma01,SAS,PG,75.0,29.0,1594.0,271.0,628.0,93.0,268.0,178.0,360.0,55.0,63.0,28.0,120.0,148.0,156.0,27.0,8.0,91.0,94.0,690.0,2024,regular
burksal01,DET,SG,43.0,0.0,901.0,160.0,406.0,99.0,247.0,61.0,159.0,121.0,134.0,16.0,94.0,110.0,68.0,21.0,11.0,32.0,64.0,540.0,2024,regular
burksal01,NYK,SG,23.0,1.0,311.0,50.0,163.0,25.0,83.0,25.0,80.0,24.0,33.0,8.0,32.0,40.0,20.0,7.0,1.0,16.0,11.0,149.0,2024,regular
podzibr01,GSW,SG,74.0,28.0,1968.0,271.0,597.0,90.0,234.0,181.0,363.0,50.0,79.0,118.0,309.0,427.0,273.0,61.0,14.0,88.0,122.0,682.0,2024,regular
drumman01,CHI,C,79.0,10.0,1351.0,267.0,480.0,0.0,3.0,267.0,477.0,129.0,218.0,265.0,443.0,708.0,37.0,73.0,48.0,81.0,140.0,663.0,2024,regular
mannte01,LAC,SG,75.0,71.0,1873.0,254.0,493.0,71.0,204.0,183.0,289.0,79.0,95.0,87.0,167.0,254.0,119.0,43.0,15.0,48.0,145.0,658.0,2024,regular
jonesde02,DAL,SF,76.0,66.0,1783.0,239.0,495.0,82.0,239.0,157.0,256.0,97.0,136.0,82.0,168.0,250.0,75.0,53.0,51.0,65.0,121.0,657.0,2024,regular
alexani01,MIN,SG,82.0,20.0,1921.0,236.0,538.0,131.0,335.0,105.0,203.0,52.0,65.0,35.0,132.0,167.0,204.0,64.0,42.0,76.0,143.0,655.0,2024,regular
huertke01,SAC,SG,64.0,59.0,1562.0,248.0,560.0,123.0,341.0,125.0,219.0,36.0,47.0,38.0,186.0,224.0,166.0,45.0,23.0,53.0,135.0,655.0,2024,regular
aldamsa01,MEM,PF,61.0,35.0,1618.0,247.0,568.0,106.0,304.0,141.0,264.0,54.0,87.0,72.0,280.0,352.0,138.0,43.0,54.0,69.0,89.0,654.0,2024,regular
richani01,CHO,C,67.0,51.0,1759.0,260.0,376.0,0.0,1.0,260.0,375.0,132.0,179.0,172.0,367.0,539.0,54.0,26.0,74.0,73.0,176.0,652.0,2024,regular
okorois01,CLE,SF,69.0,42.0,1887.0,235.0,480.0,84.0,215.0,151.0,265.0,93.0,137.0,67.0,139.0,206.0,132.0,57.0,34.0,54.0,140.0,647.0,2024,regular
martica02,MIA,SF,64.0,23.0,1756.0,241.0,559.0,81.0,232.0,160.0,327.0,77.0,99.0,74.0,207.0,281.0,143.0,47.0,29.0,77.0,126.0,640.0,2024,regular
walkeja01,POR,SF,72.0,23.0,1700.0,234.0,509.0,41.0,139.0,193.0,370.0,129.0,171.0,151.0,357.0,508.0,71.0,42.0,22.0,66.0,173.0,638.0,2024,regular
joeis01,OKC,SG,78.0,1.0,1445.0,222.0,485.0,147.0,353.0,75.0,132.0,45.0,52.0,32.0,148.0,180.0,99.0,46.0,22.0,47.0,87.0,636.0,2024,regular
nembhan01,IND,PG,68.0,47.0,1697.0,260.0,522.0,61.0,171.0,199.0,351.0,45.0,56.0,36.0,105.0,141.0,280.0,63.0,6.0,101.0,143.0,626.0,2024,regular
reathdu01,POR,C,68.0,20.0,1214.0,230.0,499.0,88.0,245.0,142.0,254.0,69.0,93.0,93.0,157.0,250.0,67.0,33.0,38.0,52.0,161.0,617.0,2024,regular
brogdma01,POR,PG,39.0,25.0,1121.0,218.0,496.0,82.0,199.0,136.0,297.0,95.0,116.0,28.0,120.0,148.0,214.0,27.0,8.0,60.0,58.0,613.0,2024,regular
onealro01,BRK,SF,49.0,6.0,1202.0,126.0,325.0,97.0,265.0,29.0,60.0,15.0,22.0,38.0,183.0,221.0,137.0,32.0,29.0,51.0,120.0,364.0,2024,regular
onealro01,PHO,SF,30.0,8.0,752.0,88.0,214.0,59.0,157.0,29.0,57.0,9.0,13.0,22.0,134.0,156.0,82.0,27.0,15.0,22.0,54.0,244.0,2024,regular
cartewe01,ORL,C,55.0,48.0,1406.0,223.0,425.0,64.0,171.0,159.0,254.0,93.0,134.0,112.0,269.0,381.0,95.0,35.0,28.0,68.0,121.0,603.0,2024,regular
smithja04,IND,C,61.0,14.0,1047.0,234.0,395.0,61.0,144.0,173.0,251.0,72.0,104.0,112.0,225.0,337.0,63.0,17.0,38.0,44.0,124.0,601.0,2024,regular
braunch01,DEN,SG,82.0,4.0,1655.0,222.0,483.0,63.0,164.0,159.0,319.0,93.0,134.0,79.0,227.0,306.0,132.0,42.0,35.0,55.0,137.0,600.0,2024,regular
reedpa01,PHI,C,82.0,24.0,1590.0,259.0,480.0,21.0,57.0,238.0,423.0,61.0,85.0,193.0,295.0,488.0,109.0,67.0,84.0,67.0,198.0,600.0,2024,regular
thompam01,HOU,SF,62.0,23.0,1388.0,239.0,446.0,8.0,58.0,231.0,388.0,106.0,155.0,148.0,261.0,409.0,163.0,78.0,38.0,90.0,141.0,592.0,2024,regular
sassema01,DET,PG,71.0,11.0,1351.0,219.0,512.0,90.0,240.0,129.0,272.0,58.0,66.0,11.0,114.0,125.0,236.0,44.0,12.0,90.0,103.0,586.0,2024,regular
baglema01,DET,C,26.0,10.0,478.0,107.0,181.0,1.0,6.0,106.0,175.0,50.0,61.0,46.0,72.0,118.0,27.0,5.0,14.0,29.0,40.0,265.0,2024,regular
baglema01,WAS,C,24.0,15.0,575.0,132.0,227.0,8.0,17.0,124.0,210.0,46.0,65.0,84.0,110.0,194.0,28.0,15.0,19.0,30.0,41.0,318.0,2024,regular
harteis01,NYK,C,75.0,49.0,1896.0,235.0,365.0,1.0,3.0,234.0,362.0,111.0,157.0,244.0,382.0,626.0,188.0,87.0,85.0,93.0,210.0,582.0,2024,regular
finnedo01,BRK,PF,68.0,56.0,1934.0,215.0,511.0,117.0,336.0,98.0,175.0,33.0,46.0,109.0,208.0,317.0,107.0,56.0,38.0,59.0,150.0,580.0,2024,regular
whitmca01,HOU,SF,47.0,2.0,880.0,212.0,467.0,79.0,220.0,133.0,247.0,76.0,112.0,44.0,136.0,180.0,33.0,30.0,17.0,46.0,64.0,579.0,2024,regular
payneca01,MIL,PG,47.0,2.0,702.0,101.0,222.0,52.0,131.0,49.0,91.0,37.0,44.0,5.0,57.0,62.0,109.0,22.0,3.0,31.0,73.0,291.0,2024,regular
payneca01,PHI,PG,31.0,8.0,602.0,107.0,259.0,52.0,136.0,55.0,123.0,21.0,23.0,16.0,39.0,55.0,96.0,20.0,8.0,35.0,53.0,287.0,2024,regular
walkelo01,BRK,SG,58.0,0.0,1011.0,208.0,492.0,104.0,271.0,104.0,221.0,45.0,59.0,13.0,114.0,127.0,74.0,32.0,20.0,51.0,71.0,565.0,2024,regular
achiupr01,TOR,C,25.0,0.0,437.0,78.0,170.0,13.0,47.0,65.0,123.0,24.0,42.0,50.0,86.0,136.0,44.0,16.0,12.0,29.0,40.0,193.0,2024,regular
achiupr01,NYK,PF,49.0,18.0,1187.0,157.0,299.0,13.0,50.0,144.0,249.0,45.0,70.0,141.0,210.0,351.0,53.0,30.0,56.0,54.0,103.0,372.0,2024,regular
horfoal01,BOS,C,65.0,33.0,1740.0,214.0,419.0,108.0,258.0,106.0,161.0,26.0,30.0,82.0,331.0,413.0,168.0,38.0,62.0,48.0,93.0,562.0,2024,regular
mcbrimi01,NYK,PG,68.0,14.0,1328.0,205.0,454.0,109.0,266.0,96.0,188.0,43.0,50.0,31.0,69.0,100.0,114.0,50.0,7.0,30.0,108.0,562.0,2024,regular
okongon01,ATL,C,55.0,8.0,1405.0,223.0,365.0,23.0,69.0,200.0,296.0,92.0,116.0,145.0,231.0,376.0,74.0,26.0,60.0,45.0,162.0,561.0,2024,regular
wallaca01,OKC,SG,82.0,13.0,1692.0,217.0,442.0,98.0,234.0,119.0,208.0,29.0,37.0,52.0,135.0,187.0,120.0,76.0,37.0,45.0,129.0,561.0,2024,regular
bantoda01,BOS,PG,24.0,1.0,171.0,19.0,51.0,2.0,16.0,17.0,35.0,16.0,20.0,12.0,23.0,35.0,19.0,5.0,3.0,10.0,20.0,56.0,2024,regular
bantoda01,POR,PG,30.0,8.0,876.0,183.0,449.0,57.0,183.0,126.0,266.0,78.0,100.0,29.0,114.0,143.0,108.0,28.0,17.0,67.0,44.0,501.0,2024,regular
thompau01,DET,SF,63.0,38.0,1583.0,232.0,480.0,21.0,113.0,211.0,367.0,71.0,119.0,129.0,273.0,402.0,120.0,68.0,59.0,84.0,175.0,556.0,2024,regular
poeltja01,TOR,C,50.0,50.0,1319.0,248.0,378.0,0.0,0.0,248.0,378.0,59.0,107.0,146.0,283.0,429.0,127.0,35.0,76.0,77.0,149.0,555.0,2024,regular
wiggiaa01,OKC,SG,78.0,4.0,1228.0,212.0,377.0,62.0,126.0,150.0,251.0,56.0,71.0,60.0,126.0,186.0,86.0,56.0,19.0,56.0,91.0,542.0,2024,regular
jackstr02,GSW,PF,68.0,16.0,1130.0,233.0,332.0,0.0,1.0,233.0,331.0,74.0,132.0,135.0,206.0,341.0,82.0,29.0,76.0,49.0,108.0,540.0,2024,regular
moodymo01,GSW,SG,66.0,9.0,1156.0,194.0,420.0,72.0,200.0,122.0,220.0,73.0,93.0,65.0,131.0,196.0,57.0,42.0,24.0,44.0,90.0,533.0,2024,regular
paulch01,GSW,PG,58.0,18.0,1531.0,206.0,467.0,78.0,210.0,128.0,257.0,43.0,52.0,18.0,207.0,225.0,393.0,70.0,6.0,76.0,108.0,533.0,2024,regular
coulibi01,WAS,SF,63.0,15.0,1715.0,188.0,432.0,64.0,185.0,124.0,247.0,92.0,131.0,56.0,200.0,256.0,110.0,57.0,48.0,87.0,137.0,532.0,2024,regular
watsope01,DEN,SF,80.0,4.0,1488.0,208.0,447.0,45.0,152.0,163.0,295.0,71.0,106.0,56.0,202.0,258.0,86.0,42.0,88.0,58.0,143.0,532.0,2024,regular
hardyja02,DAL,SG,73.0,7.0,989.0,195.0,479.0,81.0,224.0,114.0,255.0,59.0,76.0,20.0,111.0,131.0,109.0,22.0,4.0,62.0,80.0,530.0,2024,regular
camarto01,POR,PF,70.0,49.0,1739.0,197.0,438.0,58.0,172.0,139.0,266.0,75.0,99.0,139.0,204.0,343.0,87.0,66.0,33.0,84.0,174.0,527.0,2024,regular
ballla01,CHO,PG,22.0,22.0,711.0,183.0,423.0,70.0,197.0,113.0,226.0,90.0,104.0,29.0,84.0,113.0,176.0,40.0,4.0,83.0,79.0,526.0,2024,regular
hawkijo01,NOP,SG,67.0,10.0,1160.0,174.0,456.0,109.0,298.0,65.0,158.0,67.0,80.0,29.0,119.0,148.0,70.0,19.0,7.0,40.0,72.0,524.0,2024,regular
willivi01,MEM,SG,52.0,33.0,1436.0,169.0,379.0,79.0,209.0,90.0,170.0,104.0,130.0,59.0,231.0,290.0,175.0,47.0,34.0,92.0,135.0,521.0,2024,regular
kesslwa01,UTA,C,64.0,22.0,1493.0,229.0,350.0,4.0,19.0,225.0,331.0,56.0,93.0,165.0,316.0,481.0,60.0,30.0,154.0,66.0,132.0,518.0,2024,regular
hortota01,UTA,PG,51.0,11.0,1009.0,184.0,465.0,60.0,182.0,124.0,283.0,88.0,109.0,21.0,100.0,121.0,177.0,45.0,19.0,65.0,94.0,516.0,2024,regular
saricda01,GSW,C,64.0,9.0,1098.0,181.0,388.0,74.0,197.0,107.0,191.0,79.0,93.0,73.0,210.0,283.0,144.0,31.0,10.0,78.0,112.0,515.0,2024,regular
holidaa01,HOU,PG,78.0,1.0,1269.0,186.0,417.0,84.0,217.0,102.0,200.0,58.0,63.0,23.0,100.0,123.0,140.0,42.0,6.0,53.0,125.0,514.0,2024,regular
dickgr01,TOR,SG,60.0,17.0,1268.0,189.0,445.0,88.0,241.0,101.0,204.0,44.0,51.0,27.0,105.0,132.0,68.0,34.0,2.0,50.0,87.0,510.0,2024,regular
sharpsh01,POR,SG,32.0,25.0,1059.0,176.0,434.0,60.0,180.0,116.0,254.0,98.0,119.0,42.0,118.0,160.0,94.0,28.0,12.0,72.0,88.0,510.0,2024,regular
greenje02,HOU,PF,78.0,6.0,1307.0,167.0,366.0,53.0,160.0,114.0,206.0,122.0,149.0,46.0,132.0,178.0,70.0,16.0,31.0,46.0,100.0,509.0,2024,regular
anderky01,MIN,PF,79.0,10.0,1782.0,199.0,433.0,11.0,48.0,188.0,385.0,97.0,137.0,60.0,213.0,273.0,331.0,71.0,47.0,91.0,128.0,506.0,2024,regular
champju02,SAS,SF,74.0,59.0,1468.0,164.0,402.0,101.0,277.0,63.0,125.0,75.0,92.0,42.0,164.0,206.0,103.0,48.0,42.0,57.0,77.0,504.0,2024,regular
stewais01,DET,PF,46.0,45.0,1423.0,186.0,382.0,67.0,175.0,119.0,207.0,64.0,85.0,74.0,231.0,305.0,73.0,17.0,38.0,66.0,99.0,503.0,2024,regular
haywago01,CHO,SF,25.0,25.0,798.0,139.0,297.0,22.0,61.0,117.0,236.0,62.0,81.0,25.0,92.0,117.0,116.0,28.0,12.0,51.0,46.0,362.0,2024,regular
haywago01,OKC,SF,26.0,3.0,447.0,48.0,106.0,15.0,29.0,33.0,77.0,27.0,39.0,13.0,51.0,64.0,42.0,12.0,1.0,15.0,21.0,138.0,2024,regular
osmande01,SAS,SF,72.0,3.0,1269.0,184.0,384.0,86.0,221.0,98.0,163.0,35.0,52.0,25.0,155.0,180.0,119.0,36.0,11.0,47.0,107.0,489.0,2024,regular
lavinza01,CHI,SG,25.0,23.0,872.0,170.0,376.0,59.0,169.0,111.0,207.0,88.0,103.0,8.0,121.0,129.0,98.0,21.0,8.0,52.0,57.0,487.0,2024,regular
lowryky01,MIA,PG,37.0,35.0,1037.0,103.0,242.0,62.0,161.0,41.0,81.0,35.0,42.0,25.0,104.0,129.0,147.0,39.0,15.0,53.0,94.0,303.0,2024,regular
lowryky01,PHI,PG,23.0,20.0,653.0,60.0,135.0,36.0,89.0,24.0,46.0,28.0,33.0,9.0,56.0,65.0,106.0,20.0,6.0,32.0,52.0,184.0,2024,regular
loveke01,MIA,PF,55.0,5.0,924.0,158.0,359.0,84.0,244.0,74.0,115.0,85.0,108.0,59.0,279.0,338.0,115.0,18.0,10.0,48.0,97.0,485.0,2024,regular
merrisa01,CLE,SG,61.0,1.0,1069.0,158.0,393.0,143.0,354.0,15.0,39.0,26.0,28.0,22.0,98.0,120.0,108.0,19.0,4.0,19.0,72.0,485.0,2024,regular
livelde01,DAL,C,55.0,42.0,1294.0,221.0,296.0,0.0,2.0,221.0,294.0,41.0,81.0,135.0,243.0,378.0,60.0,36.0,77.0,50.0,144.0,483.0,2024,regular
greendr01,GSW,PF,55.0,52.0,1490.0,185.0,372.0,51.0,129.0,134.0,243.0,54.0,74.0,76.0,322.0,398.0,332.0,55.0,47.0,135.0,166.0,475.0,2024,regular
greenjo02,DAL,SG,57.0,33.0,1505.0,179.0,374.0,72.0,187.0,107.0,187.0,39.0,57.0,40.0,144.0,184.0,130.0,47.0,9.0,60.0,107.0,469.0,2024,regular
marshna01,NOP,SF,66.0,1.0,1257.0,170.0,367.0,58.0,150.0,112.0,217.0,68.0,86.0,53.0,187.0,240.0,128.0,49.0,12.0,65.0,91.0,466.0,2024,regular
coffeam01,LAC,SF,70.0,13.0,1460.0,166.0,352.0,70.0,184.0,96.0,168.0,61.0,71.0,29.0,119.0,148.0,76.0,41.0,14.0,33.0,102.0,463.0,2024,regular
agbajoc01,UTA,SG,51.0,10.0,1003.0,106.0,249.0,47.0,142.0,59.0,107.0,15.0,20.0,35.0,91.0,126.0,47.0,27.0,29.0,34.0,66.0,274.0,2024,regular
agbajoc01,TOR,SG,27.0,18.0,638.0,72.0,184.0,15.0,69.0,57.0,115.0,22.0,36.0,39.0,51.0,90.0,36.0,20.0,15.0,30.0,51.0,181.0,2024,regular
beverpa01,PHI,PG,47.0,5.0,919.0,104.0,241.0,35.0,109.0,69.0,132.0,51.0,63.0,30.0,115.0,145.0,144.0,24.0,18.0,49.0,83.0,294.0,2024,regular
beverpa01,MIL,PG,26.0,8.0,543.0,54.0,138.0,26.0,72.0,28.0,66.0,23.0,27.0,19.0,75.0,94.0,68.0,19.0,13.0,16.0,45.0,157.0,2024,regular
wisemja01,DET,C,63.0,6.0,1091.0,187.0,305.0,0.0,2.0,187.0,303.0,72.0,102.0,110.0,226.0,336.0,54.0,12.0,39.0,66.0,141.0,446.0,2024,regular
watfotr01,BRK,PF,63.0,2.0,856.0,164.0,311.0,27.0,68.0,137.0,243.0,77.0,97.0,52.0,142.0,194.0,81.0,23.0,19.0,63.0,106.0,432.0,2024,regular
kennalu01,MEM,SG,39.0,22.0,999.0,141.0,315.0,107.0,238.0,34.0,77.0,40.0,45.0,11.0,102.0,113.0,136.0,20.0,2.0,54.0,39.0,429.0,2024,regular
willipa01,CHI,PF,43.0,30.0,1174.0,159.0,359.0,59.0,148.0,100.0,211.0,52.0,66.0,46.0,120.0,166.0,66.0,40.0,33.0,57.0,87.0,429.0,2024,regular
connapa01,MIL,SF,76.0,3.0,1676.0,151.0,347.0,82.0,238.0,69.0,109.0,44.0,58.0,51.0,188.0,239.0,161.0,40.0,19.0,49.0,99.0,428.0,2024,regular
exumda01,DAL,PG,55.0,17.0,1088.0,161.0,302.0,53.0,108.0,108.0,194.0,53.0,68.0,25.0,124.0,149.0,157.0,22.0,5.0,49.0,85.0,428.0,2024,regular
richajo01,MIA,SG,43.0,6.0,1103.0,154.0,347.0,66.0,190.0,88.0,157.0,51.0,54.0,18.0,103.0,121.0,105.0,24.0,14.0,36.0,76.0,425.0,2024,regular
roddyda01,MEM,PF,48.0,13.0,1114.0,155.0,386.0,47.0,156.0,108.0,230.0,46.0,67.0,51.0,149.0,200.0,76.0,25.0,11.0,54.0,68.0,403.0,2024,regular
roddyda01,PHO,PF,17.0,0.0,63.0,10.0,23.0,1.0,8.0,9.0,15.0,1.0,1.0,2.0,9.0,11.0,4.0,2.0,0.0,3.0,4.0,22.0,2024,regular
micicva01,OKC,PG,30.0,0.0,361.0,37.0,91.0,11.0,45.0,26.0,46.0,14.0,19.0,1.0,23.0,24.0,76.0,9.0,3.0,29.0,22.0,99.0,2024,regular
micicva01,CHO,PG,30.0,21.0,815.0,122.0,279.0,32.0,109.0,90.0,170.0,47.0,56.0,13.0,51.0,64.0,186.0,22.0,4.0,70.0,46.0,323.0,2024,regular
meltode01,PHI,SG,38.0,33.0,1023.0,139.0,360.0,77.0,214.0,62.0,146.0,66.0,79.0,28.0,113.0,141.0,114.0,60.0,16.0,39.0,84.0,421.0,2024,regular
willizi02,MEM,SF,51.0,15.0,1038.0,150.0,378.0,58.0,189.0,92.0,189.0,62.0,75.0,35.0,145.0,180.0,75.0,36.0,9.0,66.0,85.0,420.0,2024,regular
lylestr01,SAC,PF,58.0,0.0,1158.0,143.0,321.0,84.0,219.0,59.0,102.0,49.0,70.0,61.0,196.0,257.0,72.0,17.0,19.0,38.0,86.0,419.0,2024,regular
sharpda01,BRK,C,61.0,1.0,921.0,168.0,294.0,4.0,15.0,164.0,279.0,75.0,123.0,161.0,228.0,389.0,85.0,24.0,44.0,70.0,131.0,415.0,2024,regular
highsha01,MIA,PF,66.0,26.0,1366.0,153.0,329.0,76.0,192.0,77.0,137.0,23.0,36.0,65.0,145.0,210.0,70.0,53.0,30.0,34.0,117.0,405.0,2024,regular
alvarjo01,NOP,PG,56.0,0.0,1028.0,142.0,345.0,78.0,207.0,64.0,138.0,35.0,52.0,25.0,103.0,128.0,117.0,59.0,15.0,40.0,89.0,397.0,2024,regular
isaacjo01,ORL,PF,58.0,2.0,914.0,146.0,286.0,42.0,112.0,104.0,174.0,59.0,82.0,73.0,187.0,260.0,30.0,43.0,70.0,27.0,64.0,393.0,2024,regular
jacksis01,IND,C,59.0,3.0,771.0,155.0,233.0,0.0,4.0,155.0,229.0,73.0,102.0,94.0,144.0,238.0,50.0,34.0,61.0,39.0,137.0,383.0,2024,regular
manntr01,OKC,PG,13.0,0.0,119.0,20.0,40.0,8.0,19.0,12.0,21.0,1.0,1.0,4.0,20.0,24.0,20.0,3.0,0.0,9.0,3.0,49.0,2024,regular
manntr01,CHO,PG,28.0,28.0,868.0,125.0,276.0,39.0,107.0,86.0,169.0,44.0,58.0,16.0,109.0,125.0,145.0,48.0,3.0,56.0,45.0,333.0,2024,regular
flynnma01,TOR,PG,31.0,0.0,474.0,56.0,137.0,28.0,80.0,28.0,57.0,17.0,22.0,13.0,52.0,65.0,73.0,18.0,6.0,33.0,42.0,157.0,2024,regular
flynnma01,NYK,PG,14.0,0.0,60.0,9.0,23.0,4.0,13.0,5.0,10.0,9.0,11.0,0.0,6.0,6.0,6.0,1.0,0.0,3.0,3.0,31.0,2024,regular
flynnma01,DET,PG,24.0,0.0,342.0,71.0,165.0,24.0,76.0,47.0,89.0,26.0,38.0,8.0,35.0,43.0,51.0,19.0,2.0,27.0,21.0,192.0,2024,regular
eubandr01,PHO,C,75.0,6.0,1169.0,152.0,253.0,3.0,3.0,149.0,250.0,72.0,93.0,103.0,219.0,322.0,63.0,27.0,61.0,61.0,115.0,379.0,2024,regular
laravja01,MEM,PF,35.0,6.0,806.0,118.0,303.0,53.0,156.0,65.0,147.0,90.0,109.0,51.0,77.0,128.0,58.0,29.0,12.0,45.0,69.0,379.0,2024,regular
mitchda01,SAC,PG,72.0,4.0,1101.0,146.0,323.0,57.0,158.0,89.0,165.0,30.0,42.0,19.0,76.0,95.0,134.0,17.0,3.0,43.0,85.0,379.0,2024,regular
murrakr01,POR,SF,62.0,29.0,1348.0,145.0,366.0,49.0,183.0,96.0,183.0,37.0,56.0,85.0,139.0,224.0,80.0,53.0,21.0,55.0,92.0,376.0,2024,regular
theisda01,IND,C,1.0,0.0,8.0,1.0,4.0,0.0,1.0,1.0,3.0,0.0,0.0,0.0,0.0,0.0,0.0,0.0,0.0,0.0,1.0,2.0,2024,regular
theisda01,LAC,C,59.0,3.0,1007.0,155.0,289.0,26.0,70.0,129.0,219.0,38.0,50.0,85.0,159.0,244.0,61.0,21.0,51.0,42.0,126.0,374.0,2024,regular
harriga01,ORL,SG,54.0,27.0,1297.0,131.0,297.0,76.0,205.0,55.0,92.0,34.0,45.0,24.0,67.0,91.0,87.0,49.0,14.0,31.0,91.0,372.0,2024,regular
smithde03,BRK,PG,56.0,2.0,1059.0,147.0,338.0,32.0,109.0,115.0,229.0,43.0,58.0,50.0,114.0,164.0,203.0,68.0,12.0,68.0,121.0,369.0,2024,regular
goodwjo01,PHO,PG,40.0,0.0,558.0,75.0,193.0,23.0,80.0,52.0,113.0,25.0,29.0,40.0,77.0,117.0,78.0,23.0,9.0,29.0,43.0,198.0,2024,regular
goodwjo01,MEM,PG,17.0,12.0,497.0,66.0,189.0,19.0,61.0,47.0,128.0,19.0,30.0,48.0,88.0,136.0,77.0,25.0,9.0,27.0,33.0,170.0,2024,regular
nworajo01,IND,SF,18.0,0.0,183.0,37.0,82.0,11.0,36.0,26.0,46.0,9.0,11.0,8.0,25.0,33.0,18.0,6.0,1.0,12.0,19.0,94.0,2024,regular
nworajo01,TOR,SF,34.0,1.0,529.0,101.0,217.0,33.0,95.0,68.0,122.0,35.0,42.0,20.0,96.0,116.0,44.0,20.0,12.0,41.0,29.0,270.0,2024,regular
grimequ01,NYK,SG,45.0,18.0,910.0,113.0,286.0,77.0,212.0,36.0,74.0,24.0,34.0,14.0,74.0,88.0,52.0,30.0,3.0,21.0,66.0,327.0,2024,regular
grimequ01,DET,SG,6.0,0.0,115.0,9.0,42.0,4.0,28.0,5.0,14.0,10.0,11.0,1.0,11.0,12.0,14.0,5.0,4.0,7.0,9.0,32.0,2024,regular
carteje01,CHI,PG,72.0,0.0,1004.0,138.0,365.0,77.0,234.0,61.0,131.0,4.0,7.0,11.0,49.0,60.0,94.0,37.0,16.0,36.0,71.0,357.0,2024,regular
dunnkr01,UTA,PG,66.0,32.0,1249.0,147.0,313.0,41.0,111.0,106.0,202.0,22.0,32.0,50.0,139.0,189.0,254.0,68.0,28.0,79.0,135.0,357.0,2024,regular
daniedy01,NOP,PG,61.0,16.0,1358.0,139.0,311.0,42.0,135.0,97.0,176.0,34.0,53.0,62.0,174.0,236.0,164.0,85.0,25.0,59.0,101.0,354.0,2024,regular
thybuma01,POR,SF,65.0,19.0,1487.0,126.0,317.0,80.0,231.0,46.0,86.0,22.0,29.0,30.0,106.0,136.0,90.0,113.0,49.0,40.0,93.0,354.0,2024,regular
jovicni01,MIA,PF,46.0,38.0,896.0,127.0,281.0,65.0,163.0,62.0,118.0,33.0,47.0,25.0,167.0,192.0,90.0,25.0,14.0,42.0,82.0,352.0,2024,regular
mcderdo01,SAS,SF,46.0,0.0,700.0,95.0,215.0,76.0,173.0,19.0,42.0,10.0,17.0,8.0,40.0,48.0,57.0,11.0,2.0,24.0,48.0,276.0,2024,regular
mcderdo01,IND,SF,18.0,0.0,204.0,28.0,69.0,18.0,56.0,10.0,13.0,1.0,2.0,2.0,9.0,11.0,13.0,5.0,0.0,4.0,16.0,75.0,2024,regular
nancela02,NOP,C,61.0,0.0,1216.0,138.0,241.0,27.0,65.0,111.0,176.0,47.0,61.0,94.0,213.0,307.0,113.0,61.0,19.0,49.0,98.0,350.0,2024,regular
woodch01,LAL,PF,50.0,1.0,872.0,123.0,264.0,35.0,114.0,88.0,150.0,66.0,94.0,39.0,215.0,254.0,49.0,16.0,33.0,50.0,72.0,347.0,2024,regular
fultzma01,ORL,PG,43.0,18.0,910.0,154.0,326.0,4.0,18.0,150.0,308.0,23.0,33.0,56.0,82.0,138.0,120.0,42.0,15.0,50.0,65.0,335.0,2024,regular
kornelu01,BOS,C,63.0,7.0,983.0,142.0,203.0,1.0,1.0,141.0,202.0,49.0,54.0,118.0,143.0,261.0,67.0,23.0,61.0,21.0,77.0,334.0,2024,regular
looneke01,GSW,C,74.0,36.0,1195.0,139.0,233.0,0.0,1.0,139.0,232.0,56.0,83.0,143.0,276.0,419.0,133.0,28.0,29.0,50.0,155.0,334.0,2024,regular
metuch01,PHO,C,37.0,5.0,448.0,66.0,130.0,15.0,51.0,51.0,79.0,38.0,43.0,24.0,86.0,110.0,19.0,19.0,9.0,27.0,39.0,185.0,2024,regular
metuch01,DET,C,14.0,7.0,411.0,57.0,114.0,13.0,43.0,44.0,71.0,20.0,21.0,17.0,67.0,84.0,27.0,24.0,7.0,25.0,32.0,147.0,2024,regular
shamela01,WAS,SG,46.0,5.0,726.0,118.0,274.0,53.0,157.0,65.0,117.0,38.0,46.0,16.0,46.0,62.0,54.0,25.0,10.0,30.0,76.0,327.0,2024,regular
mathega01,ATL,SG,66.0,5.0,992.0,103.0,226.0,85.0,193.0,18.0,33.0,34.0,42.0,17.0,75.0,92.0,37.0,20.0,8.0,19.0,115.0,325.0,2024,regular
willike04,OKC,PF,69.0,1.0,1029.0,131.0,280.0,56.0,141.0,75.0,139.0,7.0,14.0,61.0,148.0,209.0,93.0,38.0,9.0,32.0,101.0,325.0,2024,regular
bouchch01,TOR,PF,50.0,0.0,705.0,110.0,217.0,31.0,94.0,79.0,123.0,71.0,92.0,62.0,145.0,207.0,23.0,14.0,24.0,28.0,68.0,322.0,2024,regular
batumni01,LAC,PF,3.0,0.0,54.0,3.0,8.0,2.0,7.0,1.0,1.0,0.0,0.0,0.0,7.0,7.0,5.0,3.0,4.0,1.0,5.0,8.0,2024,regular
batumni01,PHI,PF,57.0,38.0,1475.0,113.0,248.0,71.0,178.0,42.0,70.0,15.0,21.0,70.0,171.0,241.0,123.0,45.0,34.0,39.0,104.0,312.0,2024,regular
blackan01,ORL,PG,69.0,33.0,1164.0,115.0,247.0,37.0,94.0,78.0,153.0,49.0,80.0,33.0,106.0,139.0,91.0,35.0,21.0,56.0,110.0,316.0,2024,regular
morrima03,PHI,PF,37.0,7.0,637.0,90.0,205.0,36.0,90.0,54.0,115.0,31.0,36.0,18.0,91.0,109.0,26.0,13.0,11.0,19.0,61.0,247.0,2024,regular
morrima03,CLE,PF,12.0,0.0,180.0,26.0,59.0,12.0,29.0,14.0,30.0,5.0,8.0,5.0,20.0,25.0,10.0,2.0,2.0,11.0,13.0,69.0,2024,regular
crowdja01,MIL,PF,50.0,25.0,1156.0,114.0,270.0,58.0,166.0,56.0,104.0,26.0,36.0,31.0,130.0,161.0,66.0,38.0,9.0,23.0,74.0,312.0,2024,regular
bitadgo01,ORL,C,62.0,33.0,957.0,126.0,209.0,2.0,14.0,124.0,195.0,57.0,87.0,109.0,177.0,286.0,79.0,32.0,72.0,44.0,107.0,311.0,2024,regular
elliske01,SAC,SG,57.0,21.0,978.0,107.0,232.0,70.0,168.0,37.0,64.0,26.0,35.0,32.0,92.0,124.0,85.0,51.0,29.0,37.0,112.0,310.0,2024,regular
craigto01,CHI,SF,53.0,14.0,1049.0,108.0,251.0,60.0,153.0,48.0,98.0,27.0,36.0,69.0,148.0,217.0,58.0,30.0,21.0,32.0,110.0,303.0,2024,regular
hayesja02,LAL,C,70.0,5.0,877.0,126.0,175.0,0.0,8.0,126.0,167.0,51.0,82.0,69.0,142.0,211.0,33.0,34.0,29.0,43.0,123.0,303.0,2024,regular
mcgowbr01,CHO,SG,59.0,14.0,882.0,101.0,230.0,34.0,102.0,67.0,128.0,66.0,85.0,17.0,85.0,102.0,51.0,21.0,10.0,30.0,74.0,302.0,2024,regular
smithni01,CHO,SG,51.0,0.0,729.0,113.0,289.0,63.0,146.0,50.0,143.0,13.0,15.0,18.0,54.0,72.0,59.0,10.0,7.0,39.0,55.0,302.0,2024,regular
inglejo01,ORL,SF,68.0,0.0,1169.0,99.0,227.0,70.0,161.0,29.0,66.0,28.0,34.0,18.0,124.0,142.0,203.0,43.0,5.0,67.0,88.0,296.0,2024,regular
hendrita0,UTA,PF,40.0,23.0,856.0,108.0,240.0,53.0,140.0,55.0,100.0,23.0,29.0,46.0,139.0,185.0,32.0,28.0,30.0,27.0,77.0,292.0,2024,regular
wadede01,CLE,PF,54.0,32.0,1108.0,96.0,232.0,79.0,202.0,17.0,30.0,20.0,26.0,37.0,181.0,218.0,43.0,40.0,25.0,20.0,93.0,291.0,2024,regular
bertada01,OKC,PF,15.0,0.0,91.0,10.0,26.0,10.0,24.0,0.0,2.0,14.0,15.0,2.0,8.0,10.0,9.0,3.0,3.0,1.0,10.0,44.0,2024,regular
bertada01,CHO,PF,28.0,1.0,583.0,82.0,208.0,66.0,176.0,16.0,32.0,16.0,18.0,7.0,44.0,51.0,26.0,23.0,9.0,17.0,46.0,246.0,2024,regular
hayeski01,DET,PG,42.0,31.0,1008.0,117.0,283.0,22.0,74.0,95.0,209.0,33.0,50.0,11.0,108.0,119.0,205.0,36.0,20.0,51.0,75.0,289.0,2024,regular
smartma01,MEM,PG,20.0,20.0,605.0,102.0,237.0,42.0,134.0,60.0,103.0,43.0,56.0,6.0,47.0,53.0,86.0,41.0,5.0,62.0,53.0,289.0,2024,regular
portecr01,CLE,PG,51.0,6.0,649.0,116.0,228.0,12.0,34.0,104.0,194.0,41.0,56.0,21.0,88.0,109.0,118.0,21.0,15.0,45.0,40.0,285.0,2024,regular
chrisma02,LAL,SG,67.0,7.0,944.0,103.0,241.0,42.0,118.0,61.0,123.0,36.0,46.0,15.0,127.0,142.0,60.0,20.0,17.0,35.0,57.0,284.0,2024,regular
tillmxa01,MEM,C,34.0,13.0,700.0,87.0,213.0,12.0,53.0,75.0,160.0,18.0,43.0,56.0,101.0,157.0,57.0,42.0,35.0,29.0,60.0,204.0,2024,regular
tillmxa01,BOS,PF,20.0,2.0,274.0,34.0,66.0,8.0,28.0,26.0,38.0,4.0,7.0,14.0,40.0,54.0,20.0,9.0,9.0,5.0,15.0,80.0,2024,regular
fernabr01,ATL,C,45.0,2.0,682.0,109.0,187.0,0.0,4.0,109.0,183.0,64.0,96.0,59.0,134.0,193.0,46.0,25.0,28.0,44.0,107.0,282.0,2024,regular
gallida01,WAS,PF,26.0,0.0,385.0,57.0,131.0,20.0,64.0,37.0,67.0,47.0,56.0,12.0,64.0,76.0,31.0,6.0,3.0,12.0,26.0,181.0,2024,regular
gallida01,DET,SF,6.0,0.0,90.0,12.0,22.0,7.0,12.0,5.0,10.0,21.0,24.0,2.0,12.0,14.0,12.0,2.0,2.0,1.0,9.0,52.0,2024,regular
gallida01,MIL,SF,17.0,0.0,155.0,14.0,37.0,3.0,17.0,11.0,20.0,16.0,18.0,6.0,12.0,18.0,12.0,6.0,1.0,10.0,15.0,47.0,2024,regular
okogijo01,PHO,SG,60.0,11.0,960.0,86.0,206.0,29.0,94.0,57.0,112.0,76.0,102.0,74.0,80.0,154.0,64.0,48.0,24.0,36.0,68.0,277.0,2024,regular
willija07,OKC,C,69.0,1.0,897.0,95.0,228.0,53.0,144.0,42.0,84.0,33.0,41.0,36.0,198.0,234.0,110.0,28.0,27.0,34.0,98.0,276.0,2024,regular
landajo01,HOU,C,56.0,3.0,763.0,106.0,206.0,10.0,40.0,96.0,166.0,52.0,65.0,88.0,84.0,172.0,65.0,20.0,33.0,31.0,74.0,274.0,2024,regular
stevela01,BOS,PF,19.0,1.0,122.0,21.0,45.0,3.0,8.0,18.0,37.0,8.0,11.0,12.0,19.0,31.0,8.0,6.0,5.0,9.0,14.0,53.0,2024,regular
stevela01,MEM,PF,19.0,2.0,437.0,87.0,195.0,11.0,38.0,76.0,157.0,34.0,43.0,24.0,72.0,96.0,20.0,17.0,17.0,15.0,31.0,219.0,2024,regular
pippesc02,MEM,PG,21.0,16.0,527.0,100.0,203.0,30.0,72.0,70.0,131.0,41.0,55.0,22.0,45.0,67.0,98.0,36.0,10.0,56.0,60.0,271.0,2024,regular
weslebl01,SAS,SG,61.0,3.0,876.0,102.0,215.0,12.0,55.0,90.0,160.0,52.0,78.0,18.0,76.0,94.0,166.0,29.0,9.0,55.0,89.0,268.0,2024,regular
tateja01,HOU,SF,65.0,9.0,1031.0,108.0,229.0,23.0,77.0,85.0,152.0,26.0,39.0,61.0,136.0,197.0,64.0,42.0,15.0,37.0,137.0,265.0,2024,regular
reddica01,LAL,SF,48.0,26.0,984.0,91.0,234.0,37.0,110.0,54.0,124.0,41.0,54.0,27.0,72.0,99.0,48.0,47.0,14.0,31.0,64.0,260.0,2024,regular
hylanbo01,LAC,PG,37.0,5.0,540.0,97.0,251.0,44.0,135.0,53.0,116.0,18.0,23.0,5.0,50.0,55.0,93.0,26.0,4.0,44.0,51.0,256.0,2024,regular
bambamo01,PHI,C,57.0,17.0,740.0,97.0,198.0,25.0,64.0,72.0,134.0,34.0,50.0,77.0,161.0,238.0,41.0,22.0,60.0,39.0,101.0,253.0,2024,regular
houstca01,ORL,SF,59.0,13.0,815.0,80.0,206.0,72.0,193.0,8.0,13.0,21.0,26.0,28.0,56.0,84.0,29.0,15.0,4.0,16.0,61.0,253.0,2024,regular
greenaj01,MIL,SG,56.0,0.0,614.0,83.0,196.0,69.0,169.0,14.0,27.0,17.0,19.0,9.0,55.0,64.0,30.0,9.0,4.0,12.0,49.0,252.0,2024,regular
sheppbe01,IND,SG,57.0,1.0,814.0,90.0,229.0,49.0,156.0,41.0,73.0,23.0,26.0,15.0,74.0,89.0,53.0,33.0,2.0,15.0,88.0,252.0,2024,regular
butleja02,WAS,SG,40.0,0.0,566.0,98.0,201.0,24.0,78.0,74.0,123.0,31.0,36.0,9.0,49.0,58.0,126.0,29.0,8.0,50.0,58.0,251.0,2024,regular
browntr01,MIN,SF,37.0,3.0,410.0,52.0,118.0,31.0,84.0,21.0,34.0,19.0,22.0,14.0,58.0,72.0,35.0,8.0,2.0,18.0,26.0,154.0,2024,regular
browntr01,DET,SF,22.0,12.0,417.0,32.0,108.0,16.0,57.0,16.0,51.0,13.0,15.0,11.0,61.0,72.0,25.0,16.0,1.0,12.0,16.0,93.0,2024,regular
plumlma01,LAC,C,46.0,11.0,674.0,87.0,153.0,0.0,6.0,87.0,147.0,70.0,99.0,60.0,174.0,234.0,55.0,14.0,17.0,36.0,68.0,244.0,2024,regular
willima07,CHO,C,19.0,19.0,508.0,98.0,151.0,0.0,0.0,98.0,151.0,46.0,64.0,76.0,108.0,184.0,22.0,16.0,20.0,17.0,50.0,242.0,2024,regular
sensabr01,UTA,SF,32.0,11.0,584.0,85.0,218.0,34.0,115.0,51.0,103.0,37.0,41.0,16.0,86.0,102.0,55.0,13.0,6.0,47.0,43.0,241.0,2024,regular
paytoga02,GSW,SG,44.0,0.0,680.0,103.0,183.0,20.0,55.0,83.0,128.0,14.0,23.0,46.0,67.0,113.0,48.0,39.0,18.0,27.0,77.0,240.0,2024,regular
konchjo01,MEM,SF,55.0,23.0,1173.0,88.0,208.0,38.0,120.0,50.0,88.0,21.0,25.0,72.0,185.0,257.0,110.0,51.0,51.0,46.0,76.0,235.0,2024,regular
holidju01,DEN,SG,58.0,9.0,862.0,88.0,194.0,55.0,136.0,33.0,58.0,3.0,4.0,9.0,62.0,71.0,67.0,36.0,9.0,14.0,69.0,234.0,2024,regular
duartch01,SAC,SF,59.0,11.0,719.0,80.0,210.0,44.0,127.0,36.0,83.0,26.0,33.0,26.0,80.0,106.0,44.0,28.0,8.0,26.0,80.0,230.0,2024,regular
strawju01,DEN,SF,50.0,0.0,545.0,82.0,222.0,41.0,138.0,41.0,84.0,22.0,31.0,5.0,56.0,61.0,47.0,17.0,7.0,23.0,54.0,227.0,2024,regular
moranja01,MEM,PG,9.0,9.0,318.0,80.0,170.0,14.0,51.0,66.0,119.0,52.0,64.0,6.0,44.0,50.0,73.0,7.0,5.0,27.0,19.0,226.0,2024,regular
curryse01,DAL,SG,36.0,3.0,457.0,54.0,145.0,29.0,80.0,25.0,65.0,17.0,19.0,15.0,37.0,52.0,30.0,17.0,3.0,16.0,32.0,154.0,2024,regular
curryse01,CHO,SG,8.0,1.0,159.0,26.0,59.0,9.0,28.0,17.0,31.0,11.0,12.0,3.0,13.0,16.0,14.0,5.0,3.0,5.0,7.0,72.0,2024,regular
vezenal01,SAC,PF,42.0,0.0,511.0,84.0,191.0,45.0,120.0,39.0,71.0,12.0,15.0,30.0,66.0,96.0,19.0,20.0,7.0,12.0,42.0,225.0,2024,regular
martike04,LAC,SF,2.0,0.0,31.0,4.0,10.0,1.0,5.0,3.0,5.0,1.0,2.0,1.0,2.0,3.0,1.0,2.0,1.0,2.0,3.0,10.0,2024,regular
martike04,PHI,SF,58.0,2.0,715.0,93.0,171.0,7.0,23.0,86.0,148.0,21.0,39.0,40.0,88.0,128.0,50.0,20.0,11.0,30.0,97.0,214.0,2024,regular
bolbo01,PHO,PF,43.0,0.0,469.0,93.0,151.0,22.0,52.0,71.0,99.0,15.0,19.0,32.0,105.0,137.0,17.0,10.0,25.0,19.0,42.0,223.0,2024,regular
knoxke01,DET,SF,31.0,11.0,560.0,86.0,186.0,31.0,94.0,55.0,92.0,20.0,22.0,18.0,57.0,75.0,23.0,13.0,7.0,22.0,50.0,223.0,2024,regular
yurtsom01,UTA,C,48.0,12.0,545.0,99.0,184.0,5.0,24.0,94.0,160.0,19.0,28.0,72.0,136.0,208.0,29.0,8.0,18.0,37.0,52.0,222.0,2024,regular
fournev01,NYK,SG,3.0,0.0,39.0,4.0,20.0,2.0,15.0,2.0,5.0,2.0,2.0,0.0,4.0,4.0,3.0,4.0,0.0,1.0,4.0,12.0,2024,regular
fournev01,DET,SG,29.0,0.0,541.0,75.0,201.0,31.0,115.0,44.0,86.0,27.0,34.0,5.0,49.0,54.0,45.0,25.0,7.0,20.0,44.0,208.0,2024,regular
bryanth01,MIA,C,38.0,4.0,441.0,86.0,149.0,4.0,22.0,82.0,127.0,41.0,47.0,40.0,101.0,141.0,23.0,10.0,16.0,21.0,46.0,217.0,2024,regular
miltosh01,MIN,SG,38.0,0.0,491.0,64.0,160.0,14.0,53.0,50.0,107.0,36.0,44.0,7.0,44.0,51.0,50.0,16.0,5.0,28.0,44.0,178.0,2024,regular
miltosh01,DET,SG,4.0,0.0,63.0,11.0,26.0,3.0,9.0,8.0,17.0,2.0,3.0,7.0,11.0,18.0,6.0,2.0,1.0,3.0,3.0,27.0,2024,regular
miltosh01,NYK,SG,6.0,0.0,27.0,4.0,9.0,1.0,2.0,3.0,7.0,2.0,2.0,0.0,6.0,6.0,4.0,1.0,0.0,0.0,7.0,11.0,2024,regular
easonta01,HOU,PF,22.0,0.0,480.0,88.0,189.0,18.0,50.0,70.0,139.0,21.0,33.0,46.0,107.0,153.0,27.0,31.0,19.0,20.0,51.0,215.0,2024,regular
wilsoja03,BRK,PF,43.0,3.0,664.0,76.0,179.0,24.0,74.0,52.0,105.0,38.0,46.0,47.0,84.0,131.0,45.0,11.0,4.0,19.0,48.0,214.0,2024,regular
beaucma01,MIL,SF,48.0,1.0,608.0,81.0,166.0,30.0,75.0,51.0,91.0,19.0,28.0,22.0,77.0,99.0,31.0,13.0,7.0,27.0,54.0,211.0,2024,regular
martico01,CHO,SF,28.0,22.0,753.0,82.0,215.0,27.0,86.0,55.0,129.0,20.0,33.0,19.0,90.0,109.0,104.0,32.0,18.0,44.0,48.0,211.0,2024,regular
wrighde01,WAS,PG,33.0,0.0,456.0,48.0,122.0,14.0,38.0,34.0,84.0,24.0,29.0,13.0,46.0,59.0,82.0,35.0,8.0,11.0,22.0,134.0,2024,regular
wrighde01,MIA,PG,14.0,1.0,286.0,26.0,66.0,11.0,30.0,15.0,36.0,13.0,16.0,6.0,21.0,27.0,37.0,19.0,3.0,3.0,10.0,76.0,2024,regular
poweldw01,DAL,C,63.0,9.0,836.0,72.0,106.0,1.0,3.0,71.0,103.0,63.0,89.0,97.0,117.0,214.0,84.0,26.0,20.0,32.0,113.0,208.0,2024,regular
omorueu01,WAS,SF,43.0,0.0,393.0,81.0,167.0,13.0,46.0,68.0,121.0,32.0,49.0,35.0,50.0,85.0,35.0,27.0,5.0,21.0,62.0,207.0,2024,regular
brissos01,BOS,SF,55.0,1.0,630.0,68.0,153.0,15.0,55.0,53.0,98.0,50.0,83.0,61.0,99.0,160.0,44.0,19.0,8.0,20.0,54.0,201.0,2024,regular
thorjt01,CHO,PF,63.0,3.0,781.0,80.0,183.0,28.0,81.0,52.0,102.0,11.0,20.0,43.0,103.0,146.0,29.0,11.0,27.0,15.0,60.0,199.0,2024,regular
holmeri01,DAL,C,23.0,2.0,237.0,33.0,59.0,0.0,0.0,33.0,59.0,12.0,21.0,33.0,45.0,78.0,15.0,3.0,9.0,12.0,33.0,78.0,2024,regular
holmeri01,WAS,PF,17.0,8.0,318.0,49.0,88.0,1.0,3.0,48.0,85.0,22.0,26.0,38.0,66.0,104.0,10.0,8.0,10.0,12.0,41.0,121.0,2024,regular
bateske01,PHO,SF,39.0,8.0,597.0,64.0,150.0,20.0,64.0,44.0,86.0,26.0,36.0,30.0,71.0,101.0,34.0,22.0,20.0,13.0,33.0,174.0,2024,regular
bateske01,BRK,SF,14.0,0.0,68.0,8.0,16.0,1.0,5.0,7.0,11.0,6.0,6.0,1.0,8.0,9.0,4.0,3.0,2.0,2.0,2.0,23.0,2024,regular
mclaujo01,MIN,PG,56.0,0.0,626.0,70.0,145.0,42.0,89.0,28.0,56.0,13.0,18.0,18.0,54.0,72.0,110.0,35.0,7.0,19.0,31.0,195.0,2024,regular
klebima01,DAL,C,43.0,7.0,871.0,63.0,146.0,32.0,92.0,31.0,54.0,33.0,47.0,30.0,113.0,143.0,68.0,17.0,30.0,28.0,79.0,191.0,2024,regular
rosede01,MEM,PG,24.0,7.0,399.0,76.0,165.0,15.0,41.0,61.0,124.0,24.0,27.0,7.0,38.0,45.0,78.0,8.0,2.0,31.0,21.0,191.0,2024,regular
mamuksa01,SAS,C,46.0,5.0,451.0,73.0,155.0,19.0,64.0,54.0,91.0,25.0,34.0,45.0,102.0,147.0,49.0,7.0,12.0,19.0,35.0,190.0,2024,regular
gillan01,WAS,PF,50.0,3.0,466.0,75.0,160.0,10.0,41.0,65.0,119.0,29.0,36.0,37.0,57.0,94.0,34.0,13.0,11.0,23.0,48.0,189.0,2024,regular
nnajize01,DEN,PF,58.0,0.0,576.0,69.0,149.0,6.0,23.0,63.0,126.0,42.0,62.0,61.0,65.0,126.0,32.0,15.0,38.0,27.0,81.0,186.0,2024,regular
mcgeeja01,SAC,C,46.0,0.0,339.0,79.0,132.0,1.0,7.0,78.0,125.0,26.0,45.0,42.0,84.0,126.0,17.0,14.0,20.0,34.0,46.0,185.0,2024,regular
terryda01,CHI,SG,59.0,2.0,681.0,69.0,157.0,17.0,74.0,52.0,83.0,25.0,43.0,29.0,84.0,113.0,81.0,27.0,18.0,32.0,81.0,180.0,2024,regular
samanlu01,UTA,PF,43.0,7.0,404.0,60.0,158.0,13.0,64.0,47.0,94.0,44.0,56.0,22.0,80.0,102.0,19.0,5.0,7.0,28.0,32.0,177.0,2024,regular
biyombi01,MEM,C,30.0,27.0,718.0,67.0,119.0,0.0,0.0,67.0,119.0,22.0,46.0,57.0,134.0,191.0,51.0,10.0,34.0,38.0,82.0,156.0,2024,regular
biyombi01,OKC,C,10.0,0.0,73.0,7.0,12.0,0.0,0.0,7.0,12.0,4.0,8.0,5.0,13.0,18.0,2.0,1.0,3.0,4.0,7.0,18.0,2024,regular
councri01,PHI,SG,32.0,0.0,289.0,54.0,112.0,12.0,32.0,42.0,80.0,53.0,71.0,14.0,32.0,46.0,16.0,8.0,1.0,5.0,17.0,173.0,2024,regular
gilyaja01,MEM,PG,37.0,14.0,654.0,60.0,144.0,51.0,120.0,9.0,24.0,2.0,2.0,8.0,35.0,43.0,131.0,27.0,5.0,29.0,35.0,173.0,2024,regular
gilyaja01,BRK,PG,4.0,0.0,45.0,0.0,6.0,0.0,6.0,0.0,0.0,0.0,0.0,1.0,2.0,3.0,6.0,6.0,0.0,1.0,4.0,0.0,2024,regular
robinmi01,NYK,C,31.0,21.0,768.0,73.0,127.0,0.0,0.0,73.0,127.0,27.0,66.0,142.0,121.0,263.0,18.0,37.0,35.0,25.0,55.0,173.0,2024,regular
jemistr01,WAS,C,2.0,0.0,1.0,0.0,0.0,0.0,0.0,0.0,0.0,0.0,0.0,0.0,1.0,1.0,0.0,0.0,0.0,1.0,0.0,0.0,2024,regular
jemistr01,MEM,C,23.0,14.0,572.0,75.0,136.0,0.0,0.0,75.0,136.0,21.0,25.0,64.0,69.0,133.0,27.0,12.0,28.0,33.0,69.0,171.0,2024,regular
mcdanja01,TOR,SF,50.0,1.0,538.0,65.0,189.0,12.0,71.0,53.0,118.0,27.0,37.0,18.0,61.0,79.0,37.0,19.0,6.0,30.0,52.0,169.0,2024,regular
baldwpa01,WAS,SF,38.0,7.0,493.0,59.0,155.0,31.0,97.0,28.0,58.0,19.0,28.0,17.0,106.0,123.0,29.0,18.0,15.0,19.0,56.0,168.0,2024,regular
bostobr01,LAC,SF,32.0,0.0,345.0,65.0,161.0,14.0,52.0,51.0,109.0,23.0,33.0,19.0,33.0,52.0,13.0,11.0,8.0,24.0,40.0,167.0,2024,regular
quinole01,GSW,SG,37.0,0.0,394.0,56.0,141.0,32.0,88.0,24.0,53.0,20.0,29.0,21.0,51.0,72.0,36.0,6.0,2.0,17.0,44.0,164.0,2024,regular
morrimo01,DET,PG,6.0,0.0,68.0,12.0,33.0,2.0,11.0,10.0,22.0,1.0,2.0,2.0,10.0,12.0,8.0,1.0,1.0,2.0,1.0,27.0,2024,regular
morrimo01,MIN,PG,27.0,0.0,408.0,50.0,120.0,25.0,59.0,25.0,61.0,12.0,17.0,5.0,40.0,45.0,61.0,18.0,8.0,5.0,13.0,137.0,2024,regular
sprinja01,PHI,SG,32.0,1.0,377.0,46.0,118.0,8.0,37.0,38.0,81.0,28.0,34.0,25.0,33.0,58.0,35.0,25.0,11.0,26.0,49.0,128.0,2024,regular
sprinja01,BOS,PG,17.0,1.0,130.0,13.0,30.0,2.0,11.0,11.0,19.0,7.0,8.0,8.0,12.0,20.0,9.0,11.0,4.0,8.0,17.0,35.0,2024,regular
mykhasv01,BOS,SF,41.0,2.0,413.0,57.0,137.0,42.0,108.0,15.0,29.0,6.0,9.0,11.0,40.0,51.0,35.0,11.0,1.0,12.0,19.0,162.0,2024,regular
thomptr01,CLE,C,49.0,0.0,549.0,73.0,120.0,0.0,1.0,73.0,119.0,15.0,52.0,73.0,101.0,174.0,51.0,12.0,14.0,29.0,59.0,161.0,2024,regular
muscami01,WAS,C,24.0,2.0,338.0,33.0,90.0,14.0,51.0,19.0,39.0,15.0,20.0,22.0,53.0,75.0,22.0,5.0,7.0,16.0,31.0,95.0,2024,regular
muscami01,DET,C,13.0,4.0,171.0,15.0,44.0,13.0,34.0,2.0,10.0,2.0,4.0,10.0,19.0,29.0,10.0,3.0,5.0,2.0,13.0,45.0,2024,regular
muscami01,OKC,C,16.0,0.0,91.0,8.0,22.0,1.0,11.0,7.0,11.0,0.0,1.0,7.0,14.0,21.0,4.0,1.0,1.0,4.0,8.0,17.0,2024,regular
ruperra01,POR,SG,39.0,12.0,633.0,54.0,161.0,28.0,78.0,26.0,83.0,19.0,25.0,24.0,68.0,92.0,62.0,12.0,3.0,31.0,56.0,155.0,2024,regular
mayssk01,POR,PG,21.0,5.0,356.0,53.0,138.0,14.0,49.0,39.0,89.0,13.0,17.0,9.0,28.0,37.0,75.0,14.0,3.0,18.0,20.0,133.0,2024,regular
mayssk01,LAL,SG,17.0,0.0,77.0,10.0,21.0,2.0,5.0,8.0,16.0,0.0,0.0,1.0,5.0,6.0,10.0,7.0,1.0,2.0,6.0,22.0,2024,regular
quetane01,BOS,C,28.0,0.0,333.0,67.0,104.0,0.0,0.0,67.0,104.0,20.0,28.0,53.0,69.0,122.0,20.0,13.0,21.0,13.0,50.0,154.0,2024,regular
freemja01,TOR,PG,22.0,6.0,403.0,55.0,124.0,10.0,42.0,45.0,82.0,33.0,36.0,16.0,54.0,70.0,40.0,10.0,4.0,25.0,28.0,153.0,2024,regular
davisjo06,WAS,SG,50.0,6.0,613.0,62.0,154.0,14.0,40.0,48.0,114.0,14.0,24.0,18.0,54.0,72.0,32.0,18.0,10.0,13.0,57.0,152.0,2024,regular
littlna01,PHO,SF,45.0,2.0,458.0,57.0,124.0,21.0,70.0,36.0,54.0,17.0,20.0,14.0,61.0,75.0,21.0,10.0,10.0,14.0,39.0,152.0,2024,regular
ryanma01,NOP,SF,28.0,1.0,390.0,49.0,113.0,41.0,91.0,8.0,22.0,13.0,14.0,6.0,34.0,40.0,18.0,6.0,1.0,19.0,32.0,152.0,2024,regular
vandeja01,LAL,PF,29.0,6.0,581.0,59.0,114.0,8.0,27.0,51.0,87.0,24.0,36.0,41.0,97.0,138.0,36.0,36.0,5.0,28.0,43.0,150.0,2024,regular
pokusal01,OKC,PF,10.0,0.0,60.0,4.0,16.0,2.0,11.0,2.0,5.0,2.0,4.0,2.0,8.0,10.0,5.0,1.0,1.0,3.0,5.0,12.0,2024,regular
pokusal01,CHO,PF,18.0,0.0,345.0,45.0,105.0,16.0,44.0,29.0,61.0,28.0,37.0,15.0,64.0,79.0,30.0,14.0,12.0,16.0,17.0,134.0,2024,regular
barlodo01,SAS,PF,33.0,1.0,420.0,56.0,113.0,3.0,9.0,53.0,104.0,29.0,42.0,45.0,68.0,113.0,36.0,12.0,14.0,9.0,47.0,144.0,2024,regular
houseda01,PHI,SF,34.0,4.0,509.0,47.0,105.0,15.0,50.0,32.0,55.0,35.0,46.0,16.0,42.0,58.0,28.0,15.0,5.0,19.0,45.0,144.0,2024,regular
juzanjo01,UTA,SG,20.0,5.0,372.0,51.0,110.0,32.0,77.0,19.0,33.0,10.0,14.0,7.0,29.0,36.0,23.0,4.0,2.0,13.0,29.0,144.0,2024,regular
jordade01,DEN,C,36.0,2.0,396.0,58.0,93.0,0.0,0.0,58.0,93.0,26.0,53.0,54.0,103.0,157.0,26.0,6.0,16.0,23.0,56.0,142.0,2024,regular
smithis01,CHO,PG,43.0,5.0,741.0,66.0,158.0,4.0,8.0,62.0,150.0,3.0,4.0,11.0,65.0,76.0,145.0,17.0,4.0,47.0,49.0,139.0,2024,regular
waterli01,OKC,SG,38.0,0.0,280.0,49.0,104.0,37.0,85.0,12.0,19.0,2.0,2.0,7.0,33.0,40.0,24.0,5.0,7.0,7.0,23.0,137.0,2024,regular
youngth01,TOR,PF,23.0,6.0,350.0,54.0,87.0,1.0,6.0,53.0,81.0,5.0,12.0,29.0,46.0,75.0,50.0,18.0,3.0,11.0,38.0,114.0,2024,regular
youngth01,PHO,PF,10.0,0.0,89.0,11.0,21.0,0.0,1.0,11.0,20.0,1.0,3.0,17.0,11.0,28.0,7.0,5.0,2.0,4.0,11.0,23.0,2024,regular
lawsoaj01,DAL,SG,42.0,0.0,311.0,54.0,121.0,13.0,50.0,41.0,71.0,15.0,23.0,14.0,36.0,50.0,20.0,10.0,3.0,14.0,22.0,136.0,2024,regular
krejcvi01,ATL,PG,22.0,14.0,541.0,51.0,104.0,28.0,68.0,23.0,36.0,5.0,6.0,11.0,41.0,52.0,50.0,13.0,6.0,20.0,48.0,135.0,2024,regular
clownno01,BRK,PF,23.0,4.0,370.0,50.0,93.0,12.0,33.0,38.0,60.0,21.0,30.0,26.0,55.0,81.0,18.0,8.0,16.0,15.0,25.0,133.0,2024,regular
diengou01,OKC,PF,33.0,0.0,365.0,49.0,116.0,21.0,70.0,28.0,46.0,14.0,16.0,10.0,41.0,51.0,37.0,8.0,5.0,19.0,22.0,133.0,2024,regular
umudest01,DET,SG,24.0,2.0,307.0,37.0,84.0,24.0,53.0,13.0,31.0,29.0,32.0,8.0,43.0,51.0,11.0,8.0,7.0,14.0,40.0,127.0,2024,regular
covinro01,LAC,PF,3.0,3.0,69.0,3.0,9.0,2.0,8.0,1.0,1.0,1.0,2.0,2.0,6.0,8.0,7.0,6.0,2.0,0.0,7.0,9.0,2024,regular
covinro01,PHI,SF,26.0,3.0,419.0,40.0,89.0,17.0,48.0,23.0,41.0,21.0,24.0,29.0,60.0,89.0,17.0,33.0,16.0,11.0,49.0,118.0,2024,regular
millspa02,ATL,PG,19.0,0.0,202.0,19.0,51.0,13.0,34.0,6.0,17.0,0.0,0.0,5.0,15.0,20.0,14.0,9.0,1.0,8.0,17.0,51.0,2024,regular
millspa02,MIA,PG,13.0,5.0,213.0,27.0,80.0,11.0,53.0,16.0,27.0,11.0,11.0,4.0,11.0,15.0,20.0,11.0,0.0,8.0,15.0,76.0,2024,regular
jacksan01,MIL,SG,57.0,8.0,572.0,50.0,100.0,17.0,46.0,33.0,54.0,8.0,11.0,43.0,70.0,113.0,50.0,16.0,6.0,28.0,92.0,125.0,2024,regular
prospol01,DAL,PF,40.0,1.0,336.0,40.0,104.0,13.0,45.0,27.0,59.0,28.0,41.0,25.0,54.0,79.0,22.0,7.0,4.0,8.0,20.0,121.0,2024,regular
lenal01,SAC,C,48.0,0.0,444.0,50.0,81.0,0.0,3.0,50.0,78.0,20.0,34.0,46.0,82.0,128.0,50.0,11.0,33.0,27.0,66.0,120.0,2024,regular
walkeja02,IND,PF,33.0,0.0,340.0,45.0,110.0,22.0,55.0,23.0,55.0,8.0,9.0,12.0,51.0,63.0,40.0,15.0,11.0,17.0,29.0,120.0,2024,regular
watanyu01,PHO,SF,29.0,0.0,382.0,35.0,97.0,24.0,75.0,11.0,22.0,10.0,15.0,11.0,34.0,45.0,10.0,9.0,7.0,16.0,34.0,104.0,2024,regular
watanyu01,MEM,SF,5.0,0.0,82.0,6.0,19.0,1.0,10.0,5.0,9.0,0.0,2.0,0.0,9.0,9.0,5.0,3.0,0.0,3.0,5.0,13.0,2024,regular
portejo01,TOR,PF,26.0,5.0,360.0,40.0,104.0,20.0,60.0,20.0,44.0,15.0,18.0,26.0,56.0,82.0,60.0,20.0,20.0,21.0,35.0,115.0,2024,regular
robinje02,NOP,PF,39.0,1.0,334.0,45.0,95.0,13.0,39.0,32.0,56.0,12.0,16.0,23.0,53.0,76.0,21.0,10.0,4.0,16.0,24.0,115.0,2024,regular
grahade01,SAS,PG,23.0,0.0,313.0,38.0,108.0,25.0,83.0,13.0,25.0,13.0,16.0,5.0,31.0,36.0,49.0,9.0,2.0,17.0,14.0,114.0,2024,regular
liveris01,DET,PF,23.0,6.0,469.0,40.0,116.0,22.0,77.0,18.0,39.0,12.0,18.0,15.0,33.0,48.0,25.0,13.0,5.0,16.0,43.0,114.0,2024,regular
greenja02,CHI,SF,9.0,5.0,230.0,45.0,75.0,10.0,27.0,35.0,48.0,10.0,13.0,20.0,47.0,67.0,5.0,10.0,8.0,7.0,19.0,110.0,2024,regular
matthwe02,ATL,SG,36.0,3.0,413.0,34.0,97.0,24.0,69.0,10.0,28.0,18.0,24.0,9.0,44.0,53.0,23.0,16.0,11.0,8.0,43.0,110.0,2024,regular
jonesda03,CLE,C,39.0,0.0,270.0,43.0,72.0,3.0,14.0,40.0,58.0,18.0,21.0,20.0,42.0,62.0,15.0,7.0,13.0,13.0,27.0,107.0,2024,regular
okekech01,ORL,SF,47.0,8.0,432.0,40.0,112.0,23.0,82.0,17.0,30.0,4.0,7.0,18.0,62.0,80.0,20.0,9.0,7.0,16.0,19.0,107.0,2024,regular
evbuoto01,MEM,SF,4.0,0.0,74.0,4.0,15.0,2.0,8.0,2.0,7.0,0.0,0.0,8.0,6.0,14.0,6.0,0.0,1.0,1.0,5.0,10.0,2024,regular
evbuoto01,DET,SF,13.0,8.0,293.0,32.0,56.0,10.0,24.0,22.0,32.0,17.0,25.0,10.0,36.0,46.0,10.0,6.0,4.0,8.0,18.0,91.0,2024,regular
garzalu01,MIN,C,25.0,0.0,122.0,36.0,75.0,9.0,32.0,27.0,43.0,18.0,25.0,19.0,12.0,31.0,4.0,4.0,1.0,6.0,24.0,99.0,2024,regular
robinor01,MIA,C,36.0,7.0,304.0,36.0,72.0,8.0,15.0,28.0,57.0,19.0,25.0,28.0,56.0,84.0,34.0,7.0,8.0,18.0,35.0,99.0,2024,regular
cainja01,MIA,PF,26.0,1.0,259.0,34.0,79.0,11.0,31.0,23.0,48.0,18.0,23.0,15.0,22.0,37.0,10.0,10.0,5.0,8.0,22.0,97.0,2024,regular
bullore01,HOU,SF,44.0,0.0,417.0,34.0,82.0,27.0,67.0,7.0,15.0,1.0,1.0,6.0,67.0,73.0,15.0,12.0,5.0,10.0,29.0,96.0,2024,regular
loftoke01,MEM,PF,15.0,0.0,99.0,14.0,37.0,3.0,10.0,11.0,27.0,8.0,15.0,2.0,13.0,15.0,14.0,3.0,3.0,6.0,15.0,39.0,2024,regular
loftoke01,PHI,PF,2.0,0.0,9.0,1.0,6.0,0.0,2.0,1.0,4.0,0.0,0.0,0.0,3.0,3.0,0.0,0.0,0.0,2.0,0.0,2.0,2024,regular
loftoke01,UTA,PF,4.0,0.0,91.0,21.0,35.0,4.0,12.0,17.0,23.0,9.0,11.0,10.0,10.0,20.0,19.0,3.0,2.0,6.0,9.0,55.0,2024,regular
edwarke02,SAC,SF,54.0,0.0,275.0,34.0,82.0,20.0,52.0,14.0,30.0,5.0,9.0,9.0,33.0,42.0,15.0,10.0,4.0,4.0,26.0,93.0,2024,regular
simmobe01,BRK,PG,15.0,12.0,359.0,43.0,74.0,0.0,0.0,43.0,74.0,6.0,15.0,31.0,88.0,119.0,86.0,12.0,9.0,27.0,36.0,92.0,2024,regular
simsje01,NYK,C,45.0,11.0,585.0,38.0,55.0,0.0,0.0,38.0,55.0,16.0,24.0,56.0,91.0,147.0,25.0,8.0,19.0,16.0,45.0,92.0,2024,regular
brownko01,LAC,PF,44.0,0.0,394.0,37.0,90.0,14.0,48.0,23.0,42.0,1.0,2.0,20.0,42.0,62.0,25.0,12.0,6.0,9.0,49.0,89.0,2024,regular
champju01,WAS,SF,15.0,1.0,235.0,32.0,78.0,13.0,45.0,19.0,33.0,12.0,15.0,19.0,34.0,53.0,19.0,10.0,9.0,10.0,14.0,89.0,2024,regular
phillju01,CHI,SF,40.0,0.0,323.0,32.0,77.0,12.0,38.0,20.0,39.0,13.0,19.0,12.0,24.0,36.0,13.0,7.0,7.0,10.0,40.0,89.0,2024,regular
lewiski01,NOP,PG,15.0,0.0,144.0,16.0,52.0,2.0,20.0,14.0,32.0,10.0,11.0,4.0,10.0,14.0,18.0,5.0,1.0,8.0,8.0,44.0,2024,regular
lewiski01,TOR,PG,1.0,0.0,2.0,0.0,0.0,0.0,0.0,0.0,0.0,0.0,0.0,0.0,0.0,0.0,0.0,0.0,0.0,0.0,1.0,0.0,2024,regular
lewiski01,UTA,PG,12.0,0.0,119.0,18.0,40.0,2.0,13.0,16.0,27.0,7.0,9.0,5.0,7.0,12.0,19.0,4.0,1.0,6.0,4.0,45.0,2024,regular
korkmfu01,PHI,SG,35.0,0.0,300.0,30.0,76.0,14.0,40.0,16.0,36.0,14.0,20.0,4.0,26.0,30.0,25.0,14.0,3.0,10.0,17.0,88.0,2024,regular
templga01,TOR,SG,27.0,2.0,289.0,29.0,78.0,12.0,40.0,17.0,38.0,18.0,22.0,18.0,27.0,45.0,28.0,12.0,3.0,14.0,28.0,88.0,2024,regular
gilleco01,DEN,PG,24.0,0.0,225.0,32.0,69.0,15.0,38.0,17.0,31.0,8.0,12.0,1.0,20.0,21.0,27.0,13.0,0.0,14.0,24.0,87.0,2024,regular
vukcetr01,WAS,C,10.0,4.0,153.0,29.0,67.0,10.0,36.0,19.0,31.0,17.0,22.0,6.0,30.0,36.0,13.0,5.0,7.0,10.0,28.0,85.0,2024,regular
forretr01,ATL,SG,38.0,0.0,414.0,34.0,90.0,2.0,10.0,32.0,80.0,13.0,17.0,11.0,40.0,51.0,92.0,11.0,3.0,20.0,25.0,83.0,2024,regular
rhodeja01,DET,SG,17.0,0.0,245.0,33.0,66.0,12.0,31.0,21.0,35.0,5.0,8.0,3.0,30.0,33.0,14.0,3.0,13.0,7.0,28.0,83.0,2024,regular
santogu01,GSW,PF,23.0,0.0,192.0,28.0,55.0,10.0,27.0,18.0,28.0,16.0,17.0,17.0,32.0,49.0,14.0,4.0,2.0,7.0,23.0,82.0,2024,regular
bufkiko01,ATL,SG,17.0,0.0,196.0,34.0,92.0,9.0,40.0,25.0,52.0,4.0,8.0,6.0,27.0,33.0,27.0,7.0,5.0,10.0,20.0,81.0,2024,regular
nowelja01,MEM,SG,9.0,1.0,156.0,22.0,55.0,4.0,23.0,18.0,32.0,3.0,3.0,3.0,11.0,14.0,16.0,3.0,0.0,5.0,13.0,51.0,2024,regular
nowelja01,DET,SG,4.0,0.0,58.0,12.0,23.0,2.0,6.0,10.0,17.0,4.0,6.0,3.0,7.0,10.0,3.0,1.0,2.0,2.0,2.0,30.0,2024,regular
bitimon01,CHI,SG,23.0,1.0,268.0,32.0,84.0,12.0,44.0,20.0,40.0,4.0,5.0,6.0,26.0,32.0,13.0,3.0,2.0,10.0,24.0,80.0,2024,regular
haganas01,POR,PG,19.0,1.0,316.0,29.0,71.0,8.0,25.0,21.0,46.0,14.0,17.0,14.0,31.0,45.0,54.0,11.0,9.0,30.0,40.0,80.0,2024,regular
zelleco01,NOP,C,43.0,0.0,320.0,26.0,62.0,1.0,3.0,25.0,59.0,23.0,38.0,48.0,64.0,112.0,39.0,9.0,5.0,16.0,45.0,76.0,2024,regular
brownmo01,POR,C,22.0,5.0,200.0,33.0,65.0,0.0,0.0,33.0,65.0,9.0,31.0,37.0,49.0,86.0,7.0,5.0,7.0,11.0,27.0,75.0,2024,regular
bernaju01,WAS,SG,19.0,0.0,149.0,29.0,64.0,11.0,29.0,18.0,35.0,5.0,9.0,10.0,16.0,26.0,16.0,3.0,1.0,8.0,14.0,74.0,2024,regular
leesa01,PHO,PG,24.0,0.0,185.0,20.0,55.0,2.0,16.0,18.0,39.0,29.0,39.0,9.0,22.0,31.0,30.0,7.0,3.0,8.0,13.0,71.0,2024,regular
blackle01,CHO,SF,26.0,3.0,284.0,25.0,52.0,9.0,20.0,16.0,32.0,10.0,15.0,9.0,39.0,48.0,24.0,8.0,11.0,6.0,19.0,69.0,2024,regular
clarkbr01,MEM,PF,6.0,1.0,134.0,33.0,59.0,1.0,6.0,32.0,53.0,1.0,7.0,13.0,19.0,32.0,9.0,5.0,6.0,3.0,8.0,68.0,2024,regular
morrima02,DAL,PF,26.0,1.0,216.0,23.0,68.0,15.0,42.0,8.0,26.0,5.0,6.0,4.0,35.0,39.0,16.0,5.0,3.0,12.0,12.0,66.0,2024,regular
jonesco02,SAC,SG,30.0,0.0,192.0,28.0,71.0,2.0,22.0,26.0,49.0,6.0,11.0,17.0,23.0,40.0,20.0,7.0,5.0,10.0,29.0,64.0,2024,regular
bassech01,SAS,C,19.0,0.0,205.0,29.0,40.0,0.0,1.0,29.0,39.0,5.0,6.0,23.0,53.0,76.0,21.0,8.0,17.0,15.0,31.0,63.0,2024,regular
josepco01,GSW,PG,26.0,0.0,296.0,23.0,64.0,13.0,42.0,10.0,22.0,4.0,7.0,6.0,24.0,30.0,42.0,4.0,3.0,12.0,25.0,63.0,2024,regular
willije02,HOU,SG,22.0,0.0,129.0,27.0,50.0,2.0,5.0,25.0,45.0,7.0,13.0,12.0,11.0,23.0,7.0,4.0,1.0,4.0,10.0,63.0,2024,regular
minayju01,POR,SF,34.0,1.0,381.0,22.0,74.0,12.0,49.0,10.0,25.0,5.0,9.0,30.0,26.0,56.0,21.0,9.0,10.0,9.0,35.0,61.0,2024,regular
maledth01,CHO,PG,13.0,1.0,200.0,19.0,66.0,5.0,30.0,14.0,36.0,11.0,12.0,4.0,19.0,23.0,28.0,7.0,0.0,15.0,18.0,54.0,2024,regular
maledth01,PHO,PG,4.0,0.0,13.0,1.0,4.0,0.0,0.0,1.0,4.0,3.0,3.0,0.0,1.0,1.0,0.0,0.0,0.0,3.0,3.0,5.0,2024,regular
gilesha01,BRK,C,16.0,0.0,81.0,22.0,44.0,3.0,11.0,19.0,33.0,7.0,13.0,12.0,14.0,26.0,6.0,1.0,3.0,6.0,15.0,54.0,2024,regular
gilesha01,LAL,C,7.0,0.0,19.0,1.0,6.0,0.0,3.0,1.0,3.0,0.0,0.0,0.0,4.0,4.0,0.0,1.0,0.0,0.0,0.0,2.0,2024,regular
willibr03,DAL,PG,17.0,0.0,113.0,20.0,54.0,3.0,15.0,17.0,39.0,11.0,17.0,4.0,9.0,13.0,17.0,1.0,1.0,7.0,4.0,54.0,2024,regular
pottemi01,UTA,PF,16.0,0.0,186.0,19.0,40.0,9.0,21.0,10.0,19.0,6.0,8.0,10.0,33.0,43.0,6.0,4.0,6.0,5.0,14.0,53.0,2024,regular
dowtije01,PHI,PG,12.0,0.0,142.0,20.0,36.0,9.0,19.0,11.0,17.0,3.0,4.0,3.0,17.0,20.0,27.0,7.0,1.0,5.0,1.0,52.0,2024,regular
smithte01,PHI,PG,16.0,0.0,84.0,18.0,46.0,13.0,35.0,5.0,11.0,3.0,5.0,0.0,4.0,4.0,12.0,8.0,0.0,7.0,8.0,52.0,2024,regular
tuckepj01,PHI,PF,3.0,3.0,66.0,2.0,5.0,2.0,5.0,0.0,0.0,0.0,0.0,1.0,13.0,14.0,0.0,3.0,2.0,2.0,9.0,6.0,2024,regular
tuckepj01,LAC,PF,28.0,7.0,420.0,16.0,45.0,11.0,30.0,5.0,15.0,3.0,3.0,27.0,44.0,71.0,16.0,13.0,5.0,6.0,45.0,46.0,2024,regular
bouknja01,CHO,SG,14.0,0.0,81.0,18.0,41.0,13.0,30.0,5.0,11.0,1.0,2.0,1.0,8.0,9.0,6.0,1.0,1.0,2.0,3.0,50.0,2024,regular
minotjo01,MIN,SF,32.0,0.0,91.0,17.0,36.0,4.0,10.0,13.0,26.0,12.0,14.0,4.0,13.0,17.0,8.0,5.0,5.0,2.0,10.0,50.0,2024,regular
bazleda01,PHI,PF,3.0,0.0,10.0,0.0,1.0,0.0,0.0,0.0,1.0,0.0,0.0,0.0,1.0,1.0,2.0,0.0,0.0,1.0,0.0,0.0,2024,regular
bazleda01,UTA,PF,6.0,0.0,142.0,18.0,29.0,2.0,8.0,16.0,21.0,10.0,12.0,8.0,19.0,27.0,5.0,6.0,7.0,7.0,3.0,48.0,2024,regular
griffaj01,ATL,SF,20.0,0.0,171.0,18.0,62.0,10.0,39.0,8.0,23.0,2.0,2.0,2.0,16.0,18.0,5.0,1.0,2.0,8.0,6.0,48.0,2024,regular
pereima01,MEM,SF,7.0,1.0,122.0,18.0,35.0,5.0,13.0,13.0,22.0,7.0,10.0,11.0,26.0,37.0,2.0,6.0,4.0,5.0,10.0,48.0,2024,regular
ramseja01,TOR,SG,7.0,1.0,121.0,18.0,41.0,6.0,22.0,12.0,19.0,5.0,6.0,4.0,18.0,22.0,8.0,7.0,0.0,7.0,10.0,47.0,2024,regular
taylote01,CHI,PF,31.0,0.0,188.0,20.0,39.0,2.0,9.0,18.0,30.0,4.0,5.0,17.0,20.0,37.0,10.0,5.0,2.0,7.0,17.0,46.0,2024,regular
cissosi01,SAS,SF,12.0,0.0,141.0,16.0,33.0,1.0,12.0,15.0,21.0,12.0,15.0,8.0,14.0,22.0,10.0,7.0,3.0,3.0,18.0,45.0,2024,regular
marjabo01,HOU,C,14.0,0.0,71.0,18.0,34.0,0.0,2.0,18.0,32.0,9.0,14.0,7.0,25.0,32.0,6.0,1.0,2.0,5.0,5.0,45.0,2024,regular
rolliry01,WAS,PG,10.0,0.0,66.0,13.0,25.0,2.0,3.0,11.0,22.0,13.0,17.0,2.0,9.0,11.0,11.0,8.0,3.0,7.0,7.0,41.0,2024,regular
rolliry01,MIL,PG,3.0,0.0,12.0,1.0,2.0,1.0,1.0,0.0,1.0,0.0,0.0,0.0,2.0,2.0,3.0,2.0,0.0,1.0,1.0,3.0,2024,regular
jarrede01,MEM,SG,9.0,0.0,150.0,17.0,50.0,4.0,13.0,13.0,37.0,5.0,11.0,8.0,36.0,44.0,26.0,6.0,2.0,9.0,14.0,43.0,2024,regular
windldy01,NYK,SF,3.0,0.0,7.0,1.0,2.0,1.0,2.0,0.0,0.0,0.0,0.0,0.0,1.0,1.0,1.0,0.0,0.0,0.0,1.0,3.0,2024,regular
windldy01,LAL,SF,8.0,0.0,28.0,4.0,9.0,4.0,8.0,0.0,1.0,0.0,0.0,0.0,3.0,3.0,6.0,0.0,0.0,0.0,2.0,12.0,2024,regular
windldy01,ATL,SF,6.0,0.0,73.0,10.0,19.0,8.0,17.0,2.0,2.0,0.0,0.0,3.0,9.0,12.0,3.0,2.0,0.0,2.0,3.0,28.0,2024,regular
brookar01,BRK,PG,10.0,0.0,104.0,15.0,46.0,11.0,32.0,4.0,14.0,1.0,2.0,7.0,11.0,18.0,5.0,1.0,1.0,3.0,3.0,42.0,2024,regular
pickeja02,DEN,SG,27.0,0.0,122.0,15.0,35.0,9.0,25.0,6.0,10.0,3.0,4.0,1.0,13.0,14.0,21.0,4.0,0.0,9.0,13.0,42.0,2024,regular
simpsza01,MEM,PG,7.0,0.0,161.0,17.0,54.0,5.0,17.0,12.0,37.0,3.0,4.0,4.0,16.0,20.0,25.0,7.0,3.0,10.0,11.0,42.0,2024,regular
swideco01,MIA,SF,18.0,0.0,87.0,15.0,38.0,10.0,30.0,5.0,8.0,2.0,2.0,1.0,6.0,7.0,5.0,1.0,1.0,8.0,4.0,42.0,2024,regular
batesem01,CLE,SF,15.0,0.0,133.0,15.0,49.0,10.0,33.0,5.0,16.0,1.0,4.0,1.0,13.0,14.0,10.0,1.0,2.0,8.0,5.0,41.0,2024,regular
warretj01,MIN,SF,11.0,0.0,125.0,18.0,41.0,2.0,13.0,16.0,28.0,3.0,4.0,5.0,17.0,22.0,9.0,4.0,1.0,4.0,11.0,41.0,2024,regular
williro04,POR,C,6.0,0.0,119.0,17.0,26.0,0.0,0.0,17.0,26.0,7.0,9.0,11.0,27.0,38.0,5.0,7.0,7.0,7.0,17.0,41.0,2024,regular
queentr01,ORL,SG,14.0,0.0,165.0,14.0,38.0,3.0,17.0,11.0,21.0,9.0,12.0,3.0,17.0,20.0,18.0,7.0,5.0,7.0,15.0,40.0,2024,regular
harrijo01,DET,SG,16.0,0.0,170.0,14.0,39.0,10.0,30.0,4.0,9.0,1.0,2.0,3.0,10.0,13.0,10.0,3.0,2.0,4.0,19.0,39.0,2024,regular
porteot01,TOR,SF,15.0,1.0,174.0,14.0,33.0,8.0,23.0,6.0,10.0,3.0,3.0,6.0,23.0,29.0,8.0,5.0,5.0,2.0,19.0,39.0,2024,regular
smithdr01,MIA,SG,9.0,0.0,131.0,15.0,33.0,7.0,17.0,8.0,16.0,2.0,2.0,6.0,8.0,14.0,14.0,9.0,3.0,5.0,12.0,39.0,2024,regular
boldema01,MIL,C,2.0,0.0,3.0,0.0,0.0,0.0,0.0,0.0,0.0,0.0,0.0,0.0,2.0,2.0,0.0,0.0,0.0,0.0,1.0,0.0,2024,regular
boldema01,CHO,C,9.0,2.0,118.0,17.0,25.0,0.0,1.0,17.0,24.0,3.0,4.0,10.0,22.0,32.0,4.0,3.0,7.0,3.0,9.0,37.0,2024,regular
sanogad01,CHI,PF,9.0,0.0,66.0,14.0,27.0,0.0,0.0,14.0,27.0,8.0,12.0,19.0,17.0,36.0,0.0,1.0,0.0,5.0,5.0,36.0,2024,regular
azubuud01,PHO,C,16.0,0.0,113.0,16.0,23.0,0.0,0.0,16.0,23.0,3.0,13.0,11.0,21.0,32.0,3.0,1.0,6.0,4.0,17.0,35.0,2024,regular
badjiib01,POR,C,22.0,1.0,226.0,14.0,22.0,0.0,0.0,14.0,22.0,6.0,12.0,20.0,31.0,51.0,13.0,3.0,20.0,15.0,46.0,34.0,2024,regular
boehebu01,DET,SF,10.0,0.0,84.0,9.0,29.0,8.0,25.0,1.0,4.0,8.0,10.0,3.0,7.0,10.0,3.0,0.0,1.0,0.0,5.0,34.0,2024,regular
hoodsja01,LAL,SG,21.0,0.0,109.0,10.0,45.0,2.0,15.0,8.0,30.0,12.0,20.0,2.0,11.0,13.0,8.0,3.0,2.0,9.0,13.0,34.0,2024,regular
sarrol01,OKC,C,15.0,0.0,98.0,11.0,19.0,2.0,6.0,9.0,13.0,10.0,15.0,10.0,26.0,36.0,2.0,0.0,7.0,3.0,18.0,34.0,2024,regular
vincega01,LAL,PG,11.0,0.0,218.0,15.0,49.0,3.0,28.0,12.0,21.0,1.0,2.0,4.0,5.0,9.0,21.0,9.0,0.0,5.0,19.0,34.0,2024,regular
gibsota01,NYK,PF,16.0,1.0,165.0,7.0,23.0,0.0,6.0,7.0,17.0,2.0,2.0,10.0,18.0,28.0,9.0,2.0,6.0,5.0,28.0,16.0,2024,regular
gibsota01,DET,PF,4.0,0.0,39.0,8.0,14.0,2.0,4.0,6.0,10.0,0.0,0.0,2.0,7.0,9.0,2.0,1.0,1.0,0.0,3.0,18.0,2024,regular
hintona01,HOU,SG,15.0,0.0,75.0,11.0,26.0,7.0,14.0,4.0,12.0,4.0,5.0,7.0,15.0,22.0,10.0,3.0,2.0,3.0,11.0,33.0,2024,regular
mensana01,CHO,C,25.0,0.0,307.0,12.0,28.0,0.0,0.0,12.0,28.0,9.0,12.0,29.0,36.0,65.0,9.0,6.0,14.0,14.0,64.0,33.0,2024,regular
moonxa01,LAC,SG,14.0,1.0,119.0,15.0,46.0,2.0,17.0,13.0,29.0,1.0,2.0,8.0,10.0,18.0,21.0,3.0,3.0,5.0,8.0,33.0,2024,regular
antetth01,MIL,PF,34.0,0.0,155.0,16.0,30.0,0.0,1.0,16.0,29.0,0.0,2.0,7.0,6.0,13.0,17.0,7.0,4.0,14.0,24.0,32.0,2024,regular
hurtma01,MEM,PF,8.0,0.0,113.0,12.0,34.0,5.0,20.0,7.0,14.0,3.0,3.0,9.0,7.0,16.0,4.0,3.0,3.0,2.0,8.0,32.0,2024,regular
johnske07,BRK,SG,5.0,0.0,61.0,8.0,21.0,4.0,10.0,4.0,11.0,11.0,12.0,3.0,4.0,7.0,3.0,3.0,1.0,5.0,5.0,31.0,2024,regular
robinje01,GSW,SG,22.0,0.0,81.0,11.0,33.0,2.0,17.0,9.0,16.0,7.0,11.0,1.0,5.0,6.0,5.0,1.0,3.0,2.0,5.0,31.0,2024,regular
diabamo01,LAC,C,11.0,0.0,64.0,10.0,19.0,0.0,0.0,10.0,19.0,9.0,14.0,15.0,9.0,24.0,4.0,5.0,1.0,2.0,4.0,29.0,2024,regular
howarje01,ORL,SF,18.0,0.0,67.0,10.0,30.0,7.0,25.0,3.0,5.0,2.0,4.0,1.0,6.0,7.0,6.0,2.0,2.0,3.0,4.0,29.0,2024,regular
millele01,MIN,SF,17.0,0.0,52.0,13.0,20.0,2.0,5.0,11.0,15.0,1.0,2.0,5.0,15.0,20.0,8.0,2.0,1.0,1.0,5.0,29.0,2024,regular
nixda01,MIN,PG,15.0,0.0,50.0,9.0,24.0,6.0,17.0,3.0,7.0,3.0,6.0,1.0,2.0,3.0,6.0,5.0,0.0,5.0,2.0,27.0,2024,regular
dukeda01,SAS,SG,4.0,0.0,51.0,10.0,18.0,3.0,6.0,7.0,12.0,3.0,3.0,2.0,8.0,10.0,5.0,2.0,0.0,3.0,4.0,26.0,2024,regular
gueyemo01,TOR,PF,11.0,0.0,120.0,11.0,38.0,0.0,3.0,11.0,35.0,4.0,9.0,12.0,11.0,23.0,5.0,3.0,18.0,12.0,15.0,26.0,2024,regular
livinch01,MIL,SF,21.0,0.0,90.0,11.0,22.0,1.0,5.0,10.0,17.0,3.0,4.0,3.0,18.0,21.0,5.0,2.0,0.0,5.0,15.0,26.0,2024,regular
schofad01,ORL,PF,23.0,0.0,84.0,10.0,26.0,6.0,16.0,4.0,10.0,0.0,2.0,3.0,14.0,17.0,7.0,1.0,0.0,5.0,9.0,26.0,2024,regular
tshieos01,IND,PF,8.0,0.0,42.0,10.0,20.0,0.0,0.0,10.0,20.0,6.0,8.0,8.0,8.0,16.0,2.0,2.0,1.0,0.0,3.0,26.0,2024,regular
castlco01,LAL,C,16.0,0.0,59.0,9.0,16.0,0.0,0.0,9.0,16.0,6.0,6.0,6.0,6.0,12.0,3.0,2.0,0.0,3.0,11.0,24.0,2024,regular
gueyemo02,ATL,PF,6.0,0.0,73.0,8.0,23.0,3.0,9.0,5.0,14.0,5.0,6.0,10.0,12.0,22.0,4.0,5.0,4.0,1.0,13.0,24.0,2024,regular
baileam01,CHO,PG,10.0,0.0,65.0,8.0,24.0,1.0,8.0,7.0,16.0,6.0,7.0,6.0,3.0,9.0,7.0,3.0,0.0,4.0,2.0,23.0,2024,regular
grayra01,SAS,PF,3.0,0.0,39.0,10.0,17.0,3.0,7.0,7.0,10.0,0.0,0.0,2.0,5.0,7.0,6.0,1.0,1.0,1.0,0.0,23.0,2024,regular
huffja01,DEN,C,20.0,0.0,49.0,9.0,15.0,3.0,9.0,6.0,6.0,2.0,2.0,2.0,9.0,11.0,2.0,2.0,3.0,1.0,9.0,23.0,2024,regular
mobleis01,CLE,PF,10.0,0.0,72.0,10.0,24.0,3.0,10.0,7.0,14.0,0.0,1.0,3.0,7.0,10.0,6.0,2.0,0.0,2.0,6.0,23.0,2024,regular
wainris01,POR,SF,7.0,0.0,46.0,6.0,18.0,6.0,16.0,0.0,2.0,2.0,2.0,0.0,9.0,9.0,0.0,2.0,1.0,1.0,4.0,20.0,2024,regular
wainris01,PHO,SF,4.0,0.0,16.0,1.0,6.0,1.0,4.0,0.0,2.0,0.0,0.0,3.0,2.0,5.0,1.0,2.0,0.0,1.0,4.0,3.0,2024,regular
dennide01,DAL,SG,4.0,0.0,30.0,10.0,19.0,1.0,8.0,9.0,11.0,1.0,3.0,1.0,8.0,9.0,4.0,0.0,1.0,3.0,1.0,22.0,2024,regular
keybr01,DEN,SF,20.0,0.0,60.0,7.0,17.0,2.0,5.0,5.0,12.0,6.0,8.0,3.0,15.0,18.0,9.0,2.0,1.0,1.0,5.0,22.0,2024,regular
brownke03,IND,SG,15.0,0.0,63.0,8.0,15.0,0.0,2.0,8.0,13.0,5.0,8.0,3.0,2.0,5.0,5.0,0.0,0.0,2.0,9.0,21.0,2024,regular
bouyeja01,POR,PG,6.0,0.0,57.0,5.0,21.0,0.0,8.0,5.0,13.0,0.0,0.0,2.0,8.0,10.0,8.0,0.0,0.0,8.0,3.0,10.0,2024,regular
bouyeja01,SAS,PG,3.0,0.0,38.0,5.0,7.0,1.0,1.0,4.0,6.0,0.0,0.0,1.0,8.0,9.0,3.0,1.0,0.0,1.0,7.0,11.0,2024,regular
samueje01,HOU,SF,14.0,0.0,60.0,9.0,14.0,0.0,2.0,9.0,12.0,2.0,2.0,3.0,10.0,13.0,3.0,1.0,2.0,0.0,5.0,20.0,2024,regular
simmoko01,TOR,PG,4.0,0.0,67.0,9.0,21.0,2.0,8.0,7.0,13.0,0.0,0.0,1.0,6.0,7.0,12.0,6.0,2.0,1.0,5.0,20.0,2024,regular
tysonhu01,DEN,PF,18.0,0.0,48.0,8.0,20.0,4.0,14.0,4.0,6.0,0.0,0.0,1.0,8.0,9.0,2.0,1.0,0.0,2.0,10.0,20.0,2024,regular
willima11,TOR,C,7.0,2.0,107.0,9.0,34.0,1.0,5.0,8.0,29.0,0.0,2.0,15.0,23.0,38.0,2.0,3.0,4.0,3.0,15.0,19.0,2024,regular
lopezro01,MIL,C,16.0,2.0,65.0,7.0,19.0,2.0,8.0,5.0,11.0,2.0,2.0,3.0,2.0,5.0,4.0,1.0,3.0,2.0,7.0,18.0,2024,regular
mooreta02,POR,SG,4.0,0.0,40.0,8.0,19.0,1.0,7.0,7.0,12.0,1.0,2.0,4.0,4.0,8.0,5.0,2.0,0.0,3.0,4.0,18.0,2024,regular
moorewe01,MIN,SG,25.0,0.0,75.0,9.0,18.0,0.0,6.0,9.0,12.0,0.0,0.0,0.0,12.0,12.0,6.0,5.0,1.0,4.0,5.0,18.0,2024,regular
gabriwe01,MEM,PF,5.0,0.0,81.0,8.0,22.0,1.0,6.0,7.0,16.0,0.0,5.0,7.0,18.0,25.0,3.0,2.0,2.0,8.0,10.0,17.0,2024,regular
davisjd01,BOS,SG,8.0,0.0,39.0,5.0,12.0,3.0,7.0,2.0,5.0,3.0,4.0,2.0,8.0,10.0,10.0,1.0,1.0,2.0,4.0,16.0,2024,regular
browngr01,DAL,PF,6.0,0.0,40.0,5.0,11.0,1.0,3.0,4.0,8.0,4.0,9.0,3.0,6.0,9.0,4.0,0.0,4.0,4.0,5.0,15.0,2024,regular
walshjo01,BOS,SF,9.0,1.0,83.0,6.0,15.0,2.0,9.0,4.0,6.0,1.0,2.0,5.0,15.0,20.0,5.0,5.0,1.0,3.0,11.0,15.0,2024,regular
fudgeal01,LAL,SF,4.0,0.0,14.0,1.0,6.0,0.0,2.0,1.0,4.0,2.0,2.0,2.0,0.0,2.0,0.0,0.0,0.0,1.0,1.0,4.0,2024,regular
fudgeal01,DAL,SF,2.0,0.0,26.0,5.0,9.0,1.0,3.0,4.0,6.0,0.0,0.0,2.0,1.0,3.0,0.0,3.0,0.0,1.0,1.0,11.0,2024,regular
hodgedm01,LAL,SG,7.0,0.0,41.0,5.0,15.0,3.0,12.0,2.0,3.0,1.0,2.0,0.0,0.0,0.0,5.0,1.0,1.0,1.0,4.0,14.0,2024,regular
jeffrda01,NYK,SG,17.0,0.0,46.0,6.0,17.0,2.0,10.0,4.0,7.0,0.0,2.0,0.0,5.0,5.0,5.0,0.0,1.0,3.0,2.0,14.0,2024,regular
lundyse01,ATL,SF,9.0,0.0,52.0,4.0,17.0,3.0,13.0,1.0,4.0,3.0,4.0,1.0,6.0,7.0,0.0,0.0,0.0,1.0,6.0,14.0,2024,regular
seabrde01,NOP,SG,6.0,0.0,55.0,4.0,13.0,1.0,2.0,3.0,11.0,5.0,6.0,1.0,6.0,7.0,5.0,2.0,1.0,0.0,4.0,14.0,2024,regular
washity02,MIL,PG,11.0,0.0,56.0,6.0,20.0,2.0,6.0,4.0,14.0,0.0,0.0,1.0,4.0,5.0,5.0,3.0,0.0,2.0,1.0,14.0,2024,regular
allenti01,MEM,SF,5.0,0.0,125.0,6.0,23.0,0.0,7.0,6.0,16.0,1.0,2.0,4.0,13.0,17.0,5.0,4.0,0.0,2.0,18.0,13.0,2024,regular
millejo02,LAC,SF,8.0,0.0,28.0,5.0,9.0,1.0,2.0,4.0,7.0,2.0,2.0,3.0,2.0,5.0,0.0,0.0,0.0,1.0,2.0,13.0,2024,regular
toppija01,NYK,SF,9.0,0.0,38.0,5.0,9.0,1.0,4.0,4.0,5.0,2.0,2.0,3.0,4.0,7.0,3.0,0.0,1.0,1.0,3.0,13.0,2024,regular
diakima01,SAS,PF,3.0,0.0,16.0,4.0,5.0,0.0,0.0,4.0,5.0,4.0,6.0,1.0,2.0,3.0,2.0,0.0,1.0,0.0,1.0,12.0,2024,regular
diakima01,NYK,PF,3.0,0.0,8.0,0.0,1.0,0.0,1.0,0.0,0.0,0.0,0.0,0.0,1.0,1.0,0.0,1.0,0.0,1.0,1.0,0.0,2024,regular
fordjo01,SAC,PG,6.0,0.0,22.0,4.0,7.0,2.0,3.0,2.0,4.0,2.0,2.0,0.0,2.0,2.0,2.0,0.0,0.0,1.0,0.0,12.0,2024,regular
prestja01,UTA,PG,7.0,0.0,71.0,6.0,19.0,0.0,3.0,6.0,16.0,0.0,0.0,6.0,11.0,17.0,16.0,2.0,1.0,2.0,3.0,12.0,2024,regular
cartodj01,TOR,SG,4.0,0.0,36.0,3.0,8.0,1.0,4.0,2.0,4.0,4.0,5.0,2.0,2.0,4.0,3.0,1.0,0.0,1.0,3.0,11.0,2024,regular
drellhe01,CHI,SF,4.0,0.0,30.0,4.0,10.0,2.0,6.0,2.0,4.0,1.0,2.0,1.0,3.0,4.0,4.0,2.0,1.0,2.0,6.0,11.0,2024,regular
johnske08,OKC,SF,9.0,0.0,66.0,5.0,16.0,1.0,3.0,4.0,13.0,0.0,0.0,4.0,6.0,10.0,4.0,1.0,0.0,4.0,5.0,11.0,2024,regular
lewisma05,LAL,SF,34.0,0.0,103.0,4.0,21.0,1.0,9.0,3.0,12.0,2.0,3.0,2.0,2.0,4.0,6.0,2.0,1.0,10.0,5.0,11.0,2024,regular
peterdr01,BOS,PF,3.0,0.0,23.0,4.0,6.0,3.0,5.0,1.0,1.0,0.0,0.0,0.0,1.0,1.0,1.0,2.0,0.0,1.0,1.0,11.0,2024,regular
hamptrj01,MIA,PG,8.0,2.0,76.0,4.0,14.0,1.0,8.0,3.0,6.0,1.0,2.0,2.0,4.0,6.0,8.0,0.0,0.0,3.0,8.0,10.0,2024,regular
wilsodj01,PHI,PF,2.0,0.0,15.0,4.0,6.0,2.0,2.0,2.0,4.0,0.0,0.0,1.0,1.0,2.0,2.0,0.0,2.0,0.0,1.0,10.0,2024,regular
johnsja01,IND,PF,9.0,0.0,47.0,3.0,10.0,0.0,2.0,3.0,8.0,2.0,2.0,1.0,3.0,4.0,8.0,5.0,1.0,5.0,9.0,8.0,2024,regular
slawsja01,SAC,SF,12.0,0.0,37.0,4.0,6.0,0.0,2.0,4.0,4.0,0.0,0.0,1.0,6.0,7.0,2.0,1.0,1.0,2.0,8.0,8.0,2024,regular
thomais02,PHO,PG,6.0,0.0,19.0,3.0,10.0,2.0,4.0,1.0,6.0,0.0,0.0,0.0,0.0,0.0,3.0,0.0,0.0,0.0,0.0,8.0,2024,regular
jonesma05,SAC,SG,5.0,0.0,28.0,2.0,8.0,2.0,7.0,0.0,1.0,1.0,2.0,1.0,4.0,5.0,5.0,1.0,0.0,2.0,3.0,7.0,2024,regular
toscaju01,SAC,SF,11.0,0.0,53.0,3.0,12.0,1.0,4.0,2.0,8.0,0.0,0.0,4.0,10.0,14.0,4.0,1.0,1.0,2.0,11.0,7.0,2024,regular
brownch02,NYK,SG,8.0,0.0,37.0,2.0,10.0,2.0,7.0,0.0,3.0,0.0,0.0,1.0,1.0,2.0,0.0,0.0,2.0,2.0,5.0,6.0,2024,regular
whiteja03,MEM,SF,4.0,0.0,64.0,2.0,16.0,2.0,10.0,0.0,6.0,0.0,0.0,4.0,8.0,12.0,1.0,4.0,1.0,2.0,3.0,6.0,2024,regular
wiggili01,MIL,PG,3.0,0.0,8.0,2.0,5.0,0.0,2.0,2.0,3.0,2.0,2.0,0.0,0.0,0.0,0.0,0.0,0.0,1.0,1.0,6.0,2024,regular
ntilila01,CHO,PG,5.0,0.0,43.0,1.0,9.0,1.0,8.0,0.0,1.0,2.0,2.0,1.0,5.0,6.0,4.0,0.0,0.0,1.0,4.0,5.0,2024,regular
willial06,MIA,SG,7.0,0.0,16.0,2.0,8.0,0.0,4.0,2.0,4.0,1.0,1.0,0.0,1.0,1.0,0.0,0.0,1.0,2.0,2.0,5.0,2024,regular
brockiz01,NOP,PG,1.0,0.0,3.0,2.0,5.0,0.0,1.0,2.0,4.0,0.0,0.0,1.0,1.0,2.0,0.0,0.0,0.0,0.0,0.0,4.0,2024,regular
harrike01,ORL,SG,2.0,0.0,6.0,2.0,3.0,0.0,0.0,2.0,3.0,0.0,0.0,0.0,2.0,2.0,1.0,0.0,0.0,1.0,3.0,4.0,2024,regular
jeromty01,CLE,SG,2.0,0.0,15.0,2.0,4.0,0.0,1.0,2.0,3.0,0.0,0.0,1.0,0.0,1.0,3.0,0.0,0.0,1.0,2.0,4.0,2024,regular
liddeej01,NOP,PF,8.0,0.0,23.0,1.0,6.0,0.0,5.0,1.0,1.0,2.0,2.0,0.0,5.0,5.0,1.0,2.0,2.0,2.0,2.0,4.0,2024,regular
spencpa01,GSW,PG,6.0,0.0,26.0,2.0,4.0,0.0,2.0,2.0,2.0,0.0,0.0,2.0,2.0,4.0,5.0,0.0,0.0,1.0,1.0,4.0,2024,regular
flaglad01,OKC,SG,2.0,0.0,14.0,1.0,7.0,1.0,6.0,0.0,1.0,0.0,0.0,0.0,0.0,0.0,4.0,0.0,0.0,0.0,0.0,3.0,2024,regular
garubus01,GSW,PF,6.0,0.0,18.0,1.0,6.0,0.0,1.0,1.0,5.0,1.0,2.0,3.0,4.0,7.0,1.0,1.0,3.0,2.0,2.0,3.0,2024,regular
whiteda01,BRK,SF,2.0,0.0,24.0,1.0,5.0,0.0,3.0,1.0,2.0,1.0,2.0,0.0,4.0,4.0,3.0,0.0,1.0,0.0,0.0,3.0,2024,regular
nancepe01,CLE,PF,8.0,0.0,27.0,1.0,6.0,1.0,1.0,0.0,5.0,0.0,2.0,0.0,3.0,3.0,0.0,1.0,0.0,1.0,2.0,3.0,2024,regular
petrufi01,PHI,C,1.0,0.0,3.0,0.0,0.0,0.0,0.0,0.0,0.0,0.0,0.0,0.0,1.0,1.0,0.0,0.0,0.0,0.0,0.0,0.0,2024,regular
petrufi01,SAC,C,2.0,0.0,7.0,1.0,2.0,0.0,0.0,1.0,2.0,1.0,2.0,0.0,0.0,0.0,0.0,0.0,0.0,0.0,1.0,3.0,2024,regular
diallha01,WAS,SG,2.0,0.0,5.0,1.0,2.0,0.0,0.0,1.0,2.0,0.0,0.0,2.0,0.0,2.0,1.0,2.0,0.0,1.0,1.0,2.0,2024,regular
harrish01,MEM,SG,3.0,0.0,6.0,1.0,2.0,0.0,0.0,1.0,2.0,0.0,0.0,0.0,2.0,2.0,0.0,0.0,1.0,0.0,0.0,2.0,2024,regular
jacksqu01,IND,PG,3.0,0.0,11.0,0.0,1.0,0.0,0.0,0.0,1.0,2.0,2.0,0.0,4.0,4.0,2.0,1.0,0.0,0.0,1.0,2.0,2024,regular
nowelma01,TOR,SG,1.0,0.0,4.0,0.0,1.0,0.0,0.0,0.0,1.0,2.0,2.0,2.0,0.0,2.0,2.0,1.0,0.0,0.0,0.0,2.0,2024,regular
primojo01,LAC,SG,2.0,0.0,10.0,1.0,3.0,0.0,1.0,1.0,2.0,0.0,0.0,1.0,0.0,1.0,0.0,0.0,1.0,4.0,0.0,2.0,2024,regular
wongis01,IND,SG,1.0,0.0,4.0,1.0,3.0,0.0,1.0,1.0,2.0,0.0,0.0,0.0,0.0,0.0,0.0,0.0,0.0,0.0,0.0,2.0,2024,regular
arcidry01,NYK,PG,20.0,0.0,45.0,0.0,6.0,0.0,6.0,0.0,0.0,0.0,0.0,0.0,8.0,8.0,4.0,2.0,0.0,2.0,5.0,0.0,2024,regular
cazalma01,DET,SG,1.0,0.0,3.0,0.0,0.0,0.0,0.0,0.0,0.0,0.0,0.0,0.0,0.0,0.0,0.0,0.0,0.0,0.0,0.0,0.0,2024,regular
crutcja01,NOP,PG,1.0,0.0,3.0,0.0,1.0,0.0,0.0,0.0,1.0,0.0,0.0,0.0,0.0,0.0,0.0,0.0,0.0,0.0,0.0,0.0,2024,regular
funkan01,CHI,SG,5.0,0.0,13.0,0.0,4.0,0.0,3.0,0.0,1.0,0.0,0.0,0.0,0.0,0.0,0.0,1.0,1.0,0.0,0.0,0.0,2024,regular
gateska01,NOP,SF,1.0,0.0,7.0,0.0,4.0,0.0,2.0,0.0,2.0,0.0,0.0,0.0,1.0,1.0,0.0,0.0,0.0,0.0,0.0,0.0,2024,regular
greenda02,PHI,SG,2.0,0.0,18.0,0.0,2.0,0.0,1.0,0.0,1.0,0.0,0.0,0.0,2.0,2.0,1.0,1.0,0.0,0.0,1.0,0.0,2024,regular
harpero02,TOR,PF,1.0,0.0,4.0,0.0,0.0,0.0,0.0,0.0,0.0,0.0,0.0,0.0,0.0,0.0,1.0,0.0,0.0,0.0,2.0,0.0,2024,regular
jacksju01,MIN,SF,2.0,0.0,1.0,0.0,0.0,0.0,0.0,0.0,0.0,0.0,0.0,0.0,0.0,0.0,0.0,0.0,0.0,0.0,0.0,0.0,2024,regular
skapidm01,NYK,C,2.0,0.0,2.0,0.0,1.0,0.0,0.0,0.0,1.0,0.0,0.0,0.0,0.0,0.0,0.0,0.0,0.0,0.0,0.0,0.0,2024,regular
smartja01,PHI,PG,1.0,0.0,1.0,0.0,0.0,0.0,0.0,0.0,0.0,0.0,0.0,0.0,0.0,0.0,0.0,0.0,0.0,0.0,0.0,0.0,2024,regular
